{
  "baseline": {
    "tag": "hq5_h256+full_head",
    "total_params": 312674844,
    "compression": 3.492739902030622,
    "all_t1": 0.5539921875,
    "all_t1_ci": [
      0.548038125038147,
      0.5591490268707275
    ],
    "all_t10": 0.6964320312499998,
    "all_t10_ci": [
      0.6938452124595642,
      0.6991609334945679
    ],
    "last_t1": 0.478,
    "last_t1_ci": [
      0.44699999690055847,
      0.5080000162124634
    ],
    "last_t10": 0.6424,
    "last_t10_ci": [
      0.6334999799728394,
      0.6519026160240173
    ],
    "teacher_ppl": 749.1440636637776,
    "student_ppl": 910.9217950602293,
    "ppl_ratio": 1.2159500945722757,
    "quality": 75.9417102110281
  },
  "asvd_r1024_ft": {
    "tag": "hq5_h256+asvd_r1024_ft",
    "total_params": 159189532,
    "compression": 6.860324861059332,
    "all_t1": 0.5490703125,
    "all_t1_ci": [
      0.5431402325630188,
      0.5543363690376282
    ],
    "all_t10": 0.6951148437499999,
    "all_t10_ci": [
      0.6924869418144226,
      0.6979548335075378
    ],
    "last_t1": 0.482,
    "last_t1_ci": [
      0.453000009059906,
      0.5120000243186951
    ],
    "last_t10": 0.6403,
    "last_t10_ci": [
      0.6309999823570251,
      0.6495999097824097
    ],
    "teacher_ppl": 749.1440636637776,
    "student_ppl": 1056.199707466511,
    "ppl_ratio": 1.4098752946142847,
    "quality": 70.21987166831272,
    "rank": 1024,
    "body_params": 1509916,
    "head_params": 157679616
  },
  "asvd_r512_ft": {
    "tag": "hq5_h256+asvd_r512_ft",
    "total_params": 80349724,
    "compression": 13.59173186456745,
    "all_t1": 0.544609375,
    "all_t1_ci": [
      0.5384839773178101,
      0.5498598217964172
    ],
    "all_t10": 0.6898421874999998,
    "all_t10_ci": [
      0.686953067779541,
      0.6930367946624756
    ],
    "last_t1": 0.478,
    "last_t1_ci": [
      0.4479750096797943,
      0.5090000033378601
    ],
    "last_t10": 0.6405,
    "last_t10_ci": [
      0.6309974193572998,
      0.6500049829483032
    ],
    "teacher_ppl": 749.1440636637776,
    "student_ppl": 1797.8418593126307,
    "ppl_ratio": 2.399861317087761,
    "quality": 55.32664662262526,
    "rank": 512,
    "body_params": 1509916,
    "head_params": 78839808
  },
  "asvd_r256_ft": {
    "tag": "hq5_h256+asvd_r256_ft",
    "total_params": 40929820,
    "compression": 26.682059779398003,
    "all_t1": 0.538765625,
    "all_t1_ci": [
      0.5326250195503235,
      0.544320285320282
    ],
    "all_t10": 0.6832039062499998,
    "all_t10_ci": [
      0.6801891922950745,
      0.6865770220756531
    ],
    "last_t1": 0.479,
    "last_t1_ci": [
      0.44699999690055847,
      0.5100250244140625
    ],
    "last_t10": 0.634,
    "last_t10_ci": [
      0.6247974038124084,
      0.6434025168418884
    ],
    "teacher_ppl": 749.1440636637776,
    "student_ppl": 2376.1661841779746,
    "ppl_ratio": 3.171841438023353,
    "quality": 49.92390890820839,
    "rank": 256,
    "body_params": 1509916,
    "head_params": 39419904
  }
}