{
  "model": "qwen3-32b",
  "hf_id": "Qwen/Qwen3-32B",
  "n_layers": 64,
  "bpw": 5,
  "block_size": 64,
  "rank": 32,
  "train_steps": 200,
  "train_lr": 0.001,
  "train_bs": 8,
  "n_calib": 100,
  "n_eval": 50,
  "seq_len": 128,
  "seed": 42,
  "baseline_fp16_ppl": 13.766236864648512,
  "compressed_ppl": 14.271957758364506,
  "ppl_ratio": 1.036736320803449,
  "peak_vram_compress_gb": 4.85237504,
  "peak_vram_eval_gb": 5.028830208,
  "total_compress_time_s": 1642.5796220302582,
  "total_time_s": 3650.2708809375763,
  "hardest_layer_idx": 63,
  "hardest_layer_loss": 1.94579057097435,
  "per_layer_train_loss": [
    0.0002378852768742945,
    0.00037543328216997905,
    0.00028713171850540674,
    0.0005685447438736446,
    0.00067419002589304,
    0.0010194127331487834,
    0.016370430192910134,
    0.0015456283988896757,
    0.0015718070382717997,
    0.0018568170897196978,
    0.002259884541854262,
    0.0025682665756903587,
    0.0026536084595136346,
    0.0029021108290180563,
    0.0027030106401070954,
    0.002495651203207672,
    0.0023144780774600805,
    0.0025087556219659745,
    0.0025259108049795033,
    0.0029030679957941174,
    0.0032696609501726925,
    0.0036921991501003503,
    0.004514685226604342,
    0.005060292826965451,
    0.006439105258323252,
    0.00728712291456759,
    0.007996633951552212,
    0.00987819260917604,
    0.010152478097006678,
    0.01063865963369608,
    0.009165167994797229,
    0.008081325911916792,
    0.010659715672954918,
    0.011192088667303323,
    0.012065430590882897,
    0.013521516742184759,
    0.013635936006903649,
    0.015069458354264497,
    0.013731946097686886,
    0.013385088136419653,
    0.012878451822325587,
    0.012278269324451686,
    0.012998041044920684,
    1.6436459275893867,
    0.01513211508281529,
    0.016785780247300864,
    0.01721280310302973,
    0.019746330473572014,
    0.02388522857800126,
    0.03005044562742114,
    0.04068043977022171,
    0.061181203834712504,
    0.07380508966743946,
    0.10493598617613316,
    0.14198103807866574,
    0.17909470722079276,
    0.2188214346766472,
    0.2680785059928894,
    0.3245580345392227,
    0.3931338503956795,
    0.5358652845025063,
    0.7580456465482712,
    1.1287443161010742,
    1.94579057097435
  ],
  "per_layer_quant_rel_l2": [
    0.043893396854400635,
    0.04687714417065893,
    0.04476433939167431,
    0.04435317537614277,
    0.04433800492967878,
    0.04434234755379813,
    0.04388626930969102,
    0.04382014593907765,
    0.04370491313082831,
    0.043646847030946186,
    0.04336203262209892,
    0.04333259644252913,
    0.04337690132004874,
    0.04352191569549697,
    0.04347213251250131,
    0.043424183768885474,
    0.04349607016359057,
    0.043397050883088796,
    0.04345808657152312,
    0.043334790638514926,
    0.04342047923377582,
    0.043528352464948385,
    0.04342508582132203,
    0.04338732734322548,
    0.043439892785889764,
    0.04339735529252461,
    0.043484924627201896,
    0.04358482893024172,
    0.0435324917946543,
    0.04352997722370284,
    0.043789503297635486,
    0.043673984174217494,
    0.043700596051556725,
    0.0436662206692355,
    0.04341492748686245,
    0.04340182936617306,
    0.04356280341744423,
    0.04381515458226204,
    0.04377491772174835,
    0.043786106897251945,
    0.04391837545803615,
    0.04389801248908043,
    0.04395625740289688,
    0.04408358622874532,
    0.04416550749114582,
    0.044273688324860165,
    0.04404114080326898,
    0.044009306601115634,
    0.04387543935860906,
    0.04372811423880713,
    0.04380283770816667,
    0.043956411736352105,
    0.04387485342366355,
    0.04372781727995191,
    0.04383859943066325,
    0.04367996858698981,
    0.0436580516397953,
    0.04376765713095665,
    0.04376690621886935,
    0.043859867112977166,
    0.0436779973762376,
    0.04393648515854563,
    0.04385665591273989,
    0.043702184089592526
  ],
  "per_layer_compress_time_s": [
    26.029378175735474,
    28.35638403892517,
    27.502389430999756,
    27.197588443756104,
    27.415405750274658,
    26.791978359222412,
    27.68001389503479,
    27.17163586616516,
    26.91316533088684,
    27.774349451065063,
    26.701862812042236,
    27.88197374343872,
    27.298134088516235,
    27.836190938949585,
    27.573532819747925,
    26.530075788497925,
    27.38441824913025,
    29.186884880065918,
    26.551957607269287,
    26.801055908203125,
    26.761383056640625,
    28.069353580474854,
    28.61586594581604,
    22.94365692138672,
    23.17159342765808,
    25.248478651046753,
    26.64209222793579,
    26.25678014755249,
    25.61443591117859,
    24.88629126548767,
    26.32299304008484,
    26.11266326904297,
    25.719242095947266,
    25.65245294570923,
    25.8809757232666,
    25.90019130706787,
    26.06506896018982,
    25.361927032470703,
    26.008285999298096,
    25.271038055419922,
    25.585546016693115,
    25.99641728401184,
    26.001529455184937,
    22.935383796691895,
    22.9868266582489,
    23.2304744720459,
    23.161949634552002,
    23.331401586532593,
    23.32378888130188,
    23.102375507354736,
    22.81551480293274,
    22.946511268615723,
    22.91660475730896,
    22.773917198181152,
    22.89481019973755,
    23.060296773910522,
    22.93552803993225,
    22.803550958633423,
    22.78569269180298,
    23.083532571792603,
    22.898325443267822,
    22.946300268173218,
    22.957135677337646,
    22.893858432769775
  ],
  "timestamp": "2026-05-04T01:41:01.567831",
  "device": "cuda:0",
  "cuda_device_name": "NVIDIA GeForce RTX 5090"
}