{
  "model": "qwen3-8b",
  "hf_id": "Qwen/Qwen3-8B",
  "n_layers": 36,
  "bpw": 5,
  "block_size": 64,
  "rank": 32,
  "train_steps": 200,
  "train_lr": 0.001,
  "train_bs": 8,
  "n_calib": 100,
  "n_eval": 50,
  "seq_len": 128,
  "seed": 42,
  "mode": "online_distillation",
  "baseline_fp16_ppl": 16.789676292948347,
  "compressed_ppl": 17.222195828347733,
  "ppl_ratio": 1.0257610407641418,
  "peak_vram_compress_gb": 2.258062336,
  "peak_vram_eval_gb": 3.310224896,
  "total_compress_time_s": 598.5517952442169,
  "total_time_s": 1597.687876701355,
  "hardest_layer_idx": 35,
  "hardest_layer_loss": 2.3838744044303892,
  "per_layer_train_loss": [
    0.00012202744655951392,
    0.00020047711950610392,
    0.0003179298233590089,
    0.000530705795972608,
    0.0009519222716335207,
    0.0016165364300832151,
    0.011488691368140281,
    0.012736486876383424,
    0.015565743157640099,
    0.016695569921284913,
    0.016923262365162374,
    0.018957242369651794,
    0.021784317400306463,
    0.022480508871376516,
    0.024411545787006616,
    0.024480529222637416,
    0.030991659685969352,
    0.029989213589578866,
    0.03544286834076047,
    0.03814953239634633,
    0.044722705520689486,
    0.049859905056655406,
    0.0569065798074007,
    0.07807844504714012,
    0.10569232068955899,
    0.1425239585340023,
    0.17912094444036483,
    0.24243233427405358,
    0.31931556314229964,
    0.4226988941431046,
    0.5672427475452423,
    0.7562137007713318,
    0.9791212111711503,
    1.3091873943805694,
    1.7778464078903198,
    2.3838744044303892
  ],
  "per_layer_quant_rel_l2": [
    0.043464907578059604,
    0.04436719098261425,
    0.04466207219021661,
    0.04420145547815731,
    0.04396652962480273,
    0.04384200647473335,
    0.043785132999931066,
    0.04358769580721855,
    0.04356641162719045,
    0.044035665158714564,
    0.043796748987265995,
    0.04397905245423317,
    0.04402280066694532,
    0.044041470757552555,
    0.04390606443796839,
    0.04401429636137826,
    0.043901871889829636,
    0.043955093515770774,
    0.04398638808301517,
    0.04445204138755798,
    0.04407498666218349,
    0.044214333806719096,
    0.04425357548253877,
    0.04424742077078138,
    0.044200217085225244,
    0.043720711554799764,
    0.04363337904214859,
    0.04366274284464972,
    0.04367179263915334,
    0.0438328002180372,
    0.04385138090167727,
    0.043801880308559964,
    0.04395320426140513,
    0.04393102494733674,
    0.044008111847298484,
    0.043742114411933083
  ],
  "per_layer_compress_time_s": [
    20.257221698760986,
    16.32805323600769,
    16.118281602859497,
    15.990193843841553,
    15.943063259124756,
    16.10349130630493,
    15.893304586410522,
    16.22948718070984,
    16.09425115585327,
    16.203033208847046,
    16.06994891166687,
    16.06974744796753,
    16.30107855796814,
    15.973334789276123,
    16.142911911010742,
    16.11230492591858,
    16.056602716445923,
    16.25046420097351,
    16.06465482711792,
    16.198614835739136,
    16.38677668571472,
    16.148218870162964,
    16.109959602355957,
    16.186883449554443,
    16.329310178756714,
    16.48834466934204,
    16.235708713531494,
    16.30014395713806,
    16.25797748565674,
    16.008804321289062,
    16.542871236801147,
    15.963001489639282,
    16.141896724700928,
    16.294910430908203,
    16.308561325073242,
    16.369531393051147
  ],
  "timestamp": "2026-05-04T07:19:05.199023",
  "device": "cuda:1",
  "cuda_device_name": "NVIDIA GeForce RTX 5090",
  "cure_description": "Online distillation: layer i input is produced by compressed layers 0..i-1, not teacher cache. Eliminates distribution shift between training and deployment."
}