{
  "model": "qwen3-14b",
  "hf_id": "Qwen/Qwen3-14B",
  "n_layers": 40,
  "bpw": 5,
  "block_size": 64,
  "rank": 32,
  "train_steps": 200,
  "train_lr": 0.001,
  "train_bs": 8,
  "n_calib": 100,
  "n_eval": 50,
  "seq_len": 128,
  "seed": 42,
  "baseline_fp16_ppl": 15.443603435769221,
  "compressed_ppl": 15.614693489938439,
  "ppl_ratio": 1.0110783765512232,
  "peak_vram_compress_gb": 3.372047872,
  "peak_vram_eval_gb": 4.451117056,
  "total_compress_time_s": 874.599850654602,
  "total_time_s": 1960.7932970523834,
  "hardest_layer_idx": 39,
  "hardest_layer_loss": 0.5252795577049255,
  "per_layer_train_loss": [
    0.00012098630977561698,
    0.00013708989099541212,
    0.0001340501581580611,
    0.00024633791617816313,
    0.00034834584366763013,
    0.0005565110230236314,
    0.006568912288639694,
    0.0010638454114086926,
    0.0015209939214400948,
    0.001879016839666292,
    0.002215947222430259,
    0.0028994103195145726,
    0.0032511439290829,
    0.004028003895655274,
    0.003994951443746686,
    0.003780845878645778,
    0.0038787510828115048,
    0.003925582172814757,
    0.004114098194986582,
    0.0052624822594225405,
    0.005137017508968711,
    0.005946859950199723,
    0.006433453061617911,
    0.007254988863132894,
    0.00919969086535275,
    0.011815711623057723,
    0.016663920925930144,
    0.02640025857836008,
    0.033092038705945015,
    0.04759617131203413,
    0.06646049562841654,
    0.07848039045929908,
    0.09763864949345588,
    0.12127149216830731,
    0.1401307549327612,
    0.17744924053549765,
    0.23954160287976264,
    0.33356353640556335,
    0.43120981603860853,
    0.5252795577049255
  ],
  "per_layer_quant_rel_l2": [
    0.044026302972010205,
    0.04618406881179128,
    0.04431182039635522,
    0.044064437704426904,
    0.04414063213127,
    0.044056211199079244,
    0.04383585708481925,
    0.043856089668614526,
    0.0436906170632158,
    0.04372980924589293,
    0.04341063329151699,
    0.04343851602503231,
    0.04362531644957406,
    0.0437985605427197,
    0.043795483985117505,
    0.04374857672623226,
    0.043903596699237823,
    0.04388106933661869,
    0.043938878923654556,
    0.0440254019839423,
    0.04409747464316232,
    0.044193726032972336,
    0.043955915208373754,
    0.043961661734751294,
    0.04379542917013168,
    0.04368398977177484,
    0.04375836945005825,
    0.043882694095373154,
    0.04377016159040587,
    0.04364244799528803,
    0.04375069322330611,
    0.0435981989971229,
    0.04354846850037575,
    0.0436435059777328,
    0.04367097680057798,
    0.043755137494632175,
    0.04365626722574234,
    0.043859495648315976,
    0.043810775237424035,
    0.04363514642630305
  ],
  "per_layer_compress_time_s": [
    22.004464387893677,
    21.89446210861206,
    21.969040870666504,
    21.982646226882935,
    21.9814133644104,
    21.65430188179016,
    21.648234128952026,
    21.831531524658203,
    21.694783210754395,
    21.698857069015503,
    21.853398323059082,
    21.963834285736084,
    21.51010751724243,
    21.599841594696045,
    21.454273462295532,
    21.358966588974,
    21.442291498184204,
    21.546313762664795,
    21.472532987594604,
    21.320653200149536,
    21.31306219100952,
    21.413501501083374,
    21.269558429718018,
    21.255011081695557,
    21.43536138534546,
    21.52872347831726,
    21.76542353630066,
    21.49254608154297,
    21.5698983669281,
    21.578170776367188,
    21.315720796585083,
    21.47188448905945,
    21.45687460899353,
    21.27047348022461,
    21.43428635597229,
    21.413792848587036,
    21.483392000198364,
    21.5010826587677,
    21.325498580932617,
    21.485163927078247
  ],
  "timestamp": "2026-05-04T00:39:23.566340",
  "device": "cuda:0",
  "cuda_device_name": "NVIDIA GeForce RTX 5090"
}