{
  "model": "qwen3-14b",
  "hf_id": "Qwen/Qwen3-14B",
  "n_layers": 40,
  "bpw": 5,
  "block_size": 64,
  "rank": 32,
  "train_steps": 200,
  "train_lr": 0.001,
  "train_bs": 8,
  "n_calib": 100,
  "n_eval": 50,
  "seq_len": 128,
  "seed": 42,
  "mode": "online_distillation",
  "adaptive_steps": true,
  "baseline_fp16_ppl": 15.443603435769221,
  "compressed_ppl": 15.690431475498915,
  "ppl_ratio": 1.015982541947303,
  "peak_vram_compress_gb": 3.372791296,
  "peak_vram_eval_gb": 4.44890112,
  "total_compress_time_s": 1012.7241959571838,
  "total_time_s": 2254.8959124088287,
  "hardest_layer_idx": 39,
  "hardest_layer_loss": 3.0432931065559385,
  "per_layer_train_loss": [
    0.00012098630977561698,
    0.00026418605993967504,
    0.0004020428517833352,
    0.0006215747707756236,
    0.0009694889740785584,
    0.0014802783669438213,
    0.007734327530488372,
    0.008973140083253384,
    0.011732166539877653,
    0.01182837812229991,
    0.014637255063280463,
    0.016746090818196536,
    0.017717051645740868,
    0.01989245442673564,
    0.02026695846579969,
    0.022400890197604894,
    0.023643274698406457,
    0.024883619602769615,
    0.026549092028290033,
    0.08970729093998671,
    0.041424625739455226,
    0.04416251629590988,
    0.0453033696860075,
    0.05105767585337162,
    0.057844148203730586,
    0.06776815038174391,
    0.08405937701463699,
    0.11211428232491016,
    0.14281055182218552,
    0.203515737503767,
    0.2735089406371117,
    0.36681983470916746,
    0.4853241711854935,
    0.6366789370775223,
    0.8093072086572647,
    1.015498435497284,
    1.3314274907112122,
    1.7423526048660278,
    2.3710598707199098,
    3.0432931065559385
  ],
  "per_layer_quant_rel_l2": [
    0.044026302972010205,
    0.04618406881179128,
    0.04431182039635522,
    0.044064437704426904,
    0.04414063213127,
    0.044056211199079244,
    0.04383585708481925,
    0.043856089668614526,
    0.0436906170632158,
    0.04372980924589293,
    0.04341063329151699,
    0.04343851602503231,
    0.04362531644957406,
    0.0437985605427197,
    0.043795483985117505,
    0.04374857672623226,
    0.043903596699237823,
    0.04388106933661869,
    0.043938878923654556,
    0.0440254019839423,
    0.04409747464316232,
    0.044193726032972336,
    0.043955915208373754,
    0.043961661734751294,
    0.04379542917013168,
    0.04368398977177484,
    0.04375836945005825,
    0.043882694095373154,
    0.04377016159040587,
    0.04364244799528803,
    0.04375069322330611,
    0.0435981989971229,
    0.04354846850037575,
    0.0436435059777328,
    0.04367097680057798,
    0.043755137494632175,
    0.04365626722574234,
    0.043859495648315976,
    0.043810775237424035,
    0.04363514642630305
  ],
  "per_layer_compress_time_s": [
    27.262364625930786,
    23.596351861953735,
    23.50051736831665,
    23.436039447784424,
    23.86616563796997,
    23.580744981765747,
    23.653765201568604,
    23.694832801818848,
    24.111504793167114,
    23.975728034973145,
    24.060280799865723,
    24.162301301956177,
    24.01475763320923,
    24.50630831718445,
    24.344114780426025,
    24.379908800125122,
    24.37756371498108,
    24.729886770248413,
    25.01379680633545,
    24.537165641784668,
    24.85021471977234,
    25.229947566986084,
    24.90069818496704,
    25.173450231552124,
    25.216739654541016,
    25.34636378288269,
    25.56813144683838,
    25.730409622192383,
    25.335086345672607,
    25.862516403198242,
    25.64313554763794,
    25.888885736465454,
    25.991218328475952,
    25.945600032806396,
    26.016323804855347,
    26.105105876922607,
    26.288833379745483,
    26.51562237739563,
    26.315109968185425,
    26.68851661682129
  ],
  "timestamp": "2026-05-04T08:29:41.324870",
  "device": "cuda:1",
  "cuda_device_name": "NVIDIA GeForce RTX 5090",
  "cure_description": "Online distillation: layer i input is produced by compressed layers 0..i-1, not teacher cache. Eliminates distribution shift between training and deployment."
}