{
  "claim": 21,
  "experiment": "varint_emitter",
  "model": "olmo2_1b",
  "rho": 0.01,
  "n_deltas": 4224,
  "delta_stats": {
    "min": 0,
    "max": 1160,
    "mean": 96.00118371212122,
    "median": 58.0,
    "p99": 543.6999999999953
  },
  "raw_int32_bits": 135168,
  "leb128_bits": 42472,
  "gamma_bits": 47380,
  "rice_median_k": 5,
  "rice_median_bits": 36218,
  "rice_best_k": 6,
  "rice_best_bits": 34162,
  "shannon_H_total_bits": 33073.771967966175
}