{
  "claim": 21,
  "experiment": "byte_permutation",
  "model": "qwen3_1.7b",
  "rho": 0.01,
  "seed": 33,
  "raw_sizes": {
    "fp8": 13877248,
    "idx_delta": 22624,
    "scale": 11312
  },
  "by_codec": {
    "zstd-9": {
      "fp8": {
        "orig_bytes": 11656441,
        "perm_bytes": 11696081,
        "orig_pct": 16.003223405678128,
        "perm_pct": 15.717575992012248,
        "context_gap_pp": 0.2856474136658793,
        "orig_s": 0.016015291213989258,
        "perm_s": 0.017009496688842773
      },
      "idx_delta": {
        "orig_bytes": 7756,
        "perm_bytes": 9904,
        "orig_pct": 65.71782178217822,
        "perm_pct": 56.22347949080623,
        "context_gap_pp": 9.494342291371993,
        "orig_s": 0.0005004405975341797,
        "perm_s": 0.0
      },
      "scale": {
        "orig_bytes": 7154,
        "perm_bytes": 7316,
        "orig_pct": 36.757425742574256,
        "perm_pct": 35.32531824611033,
        "context_gap_pp": 1.432107496463928,
        "orig_s": 0.0,
        "perm_s": 0.001001596450805664
      }
    },
    "lzma-6": {
      "fp8": {
        "orig_bytes": 11542288,
        "perm_bytes": 11764708,
        "orig_pct": 16.825814455430933,
        "perm_pct": 15.22304710559327,
        "context_gap_pp": 1.602767349837663,
        "orig_s": 3.7458248138427734,
        "perm_s": 3.694223642349243
      },
      "idx_delta": {
        "orig_bytes": 6372,
        "perm_bytes": 9556,
        "orig_pct": 71.83521923620934,
        "perm_pct": 57.76166902404526,
        "context_gap_pp": 14.07355021216408,
        "orig_s": 0.004501819610595703,
        "perm_s": 0.005503654479980469
      },
      "scale": {
        "orig_bytes": 6964,
        "perm_bytes": 8404,
        "orig_pct": 38.437057991513434,
        "perm_pct": 25.707213578500706,
        "context_gap_pp": 12.729844413012728,
        "orig_s": 0.0030052661895751953,
        "perm_s": 0.0029997825622558594
      }
    },
    "brotli-11": {
      "fp8": {
        "orig_bytes": 11392074,
        "perm_bytes": 11621937,
        "orig_pct": 17.90826250276712,
        "perm_pct": 16.251860599450264,
        "context_gap_pp": 1.6564019033168549,
        "orig_s": 13.074652194976807,
        "perm_s": 15.778083801269531
      },
      "idx_delta": {
        "orig_bytes": 7321,
        "perm_bytes": 8436,
        "orig_pct": 67.64055869872702,
        "perm_pct": 62.71216407355021,
        "context_gap_pp": 4.928394625176807,
        "orig_s": 0.020515918731689453,
        "perm_s": 0.016015052795410156
      },
      "scale": {
        "orig_bytes": 6174,
        "perm_bytes": 7205,
        "orig_pct": 45.42079207920792,
        "perm_pct": 36.30657708628006,
        "context_gap_pp": 9.114214992927863,
        "orig_s": 0.007006645202636719,
        "perm_s": 0.0034999847412109375
      }
    }
  }
}