{
  "claim": 21,
  "experiment": "fp8_histogram",
  "model": "olmo2_1b",
  "rho": 0.01,
  "streams": {
    "fp8": {
      "n_bytes": 10616832,
      "shannon_bits_per_byte": 6.621802893059548,
      "bits_below_uniform": 1.3781971069404522,
      "order0_savings_floor_pct": 17.227463836755653,
      "tv_distance_from_uniform": 0.5902905876253858,
      "chi2_vs_uniform": 23495546.585069444,
      "max_count_over_mean": 5.576847029320987,
      "min_count_over_mean": 0.0,
      "histogram": [
        51,
        84,
        111,
        93,
        93,
        101,
        104,
        97,
        98,
        102,
        114,
        94,
        91,
        83,
        100,
        90,
        133,
        190,
        184,
        177,
        209,
        238,
        190,
        178,
        259,
        393,
        394,
        394,
        378,
        368,
        399,
        378,
        561,
        812,
        766,
        771,
        832,
        786,
        759,
        764,
        1100,
        1586,
        1552,
        1525,
        1550,
        1548,
        1508,
        1595,
        2368,
        3107,
        3073,
        3208,
        3134,
        3050,
        3012,
        3037,
        4675,
        6277,
        6248,
        6163,
        6219,
        6291,
        6246,
        6199,
        9448,
        12317,
        12452,
        12379,
        12302,
        12221,
        12481,
        12387,
        18485,
        24766,
        24525,
        24346,
        24547,
        24457,
        24369,
        24607,
        36172,
        48385,
        47831,
        47886,
        47175,
        47111,
        46992,
        46004,
        68481,
        90852,
        89142,
        87242,
        86692,
        84770,
        83337,
        82380,
        120386,
        156213,
        151563,
        146585,
        141259,
        137010,
        132564,
        127183,
        184701,
        231283,
        215721,
        199891,
        185970,
        172615,
        158386,
        145063,
        196436,
        224422,
        185268,
        150846,
        122213,
        96778,
        75599,
        58651,
        63416,
        50914,
        27708,
        14172,
        7028,
        3555,
        3027,
        0,
        47,
        99,
        63,
        97,
        95,
        107,
        98,
        96,
        88,
        87,
        100,
        70,
        89,
        88,
        86,
        106,
        145,
        189,
        193,
        197,
        184,
        201,
        190,
        201,
        288,
        366,
        393,
        415,
        392,
        355,
        349,
        359,
        608,
        797,
        767,
        746,
        784,
        783,
        777,
        770,
        1173,
        1599,
        1548,
        1603,
        1559,
        1565,
        1571,
        1562,
        2315,
        3043,
        3108,
        3063,
        3128,
        3196,
        3062,
        3125,
        4704,
        6189,
        6359,
        6215,
        6392,
        6153,
        6273,
        6301,
        9324,
        12642,
        12596,
        12288,
        12159,
        12529,
        12355,
        12559,
        18577,
        24657,
        24677,
        24573,
        24462,
        24322,
        24328,
        24606,
        36655,
        48283,
        47771,
        47268,
        47603,
        46785,
        46434,
        46308,
        68937,
        90712,
        89445,
        87656,
        86379,
        84645,
        83428,
        82035,
        120432,
        156411,
        151778,
        146115,
        141403,
        137177,
        132839,
        128538,
        184433,
        231213,
        215733,
        199726,
        185909,
        171594,
        158520,
        145429,
        196427,
        224235,
        185228,
        150743,
        121352,
        96206,
        75481,
        58533,
        62637,
        50723,
        27502,
        14038,
        7033,
        3406,
        3112,
        0
      ]
    },
    "idx_delta": {
      "n_bytes": 16896,
      "shannon_bits_per_byte": 2.7855323050539007,
      "bits_below_uniform": 5.2144676949461,
      "order0_savings_floor_pct": 65.18084618682624,
      "tv_distance_from_uniform": 0.7577533143939394,
      "chi2_vs_uniform": 2290449.636363636,
      "max_count_over_mean": 186.77272727272728,
      "min_count_over_mean": 0.0,
      "histogram": [
        12327,
        437,
        145,
        111,
        88,
        89,
        47,
        68,
        52,
        40,
        45,
        46,
        45,
        38,
        51,
        30,
        39,
        32,
        37,
        37,
        43,
        27,
        33,
        31,
        23,
        26,
        28,
        25,
        33,
        36,
        29,
        33,
        29,
        37,
        35,
        36,
        27,
        27,
        28,
        40,
        26,
        31,
        24,
        32,
        31,
        28,
        37,
        29,
        33,
        32,
        20,
        28,
        24,
        19,
        38,
        24,
        31,
        29,
        19,
        17,
        25,
        31,
        25,
        28,
        25,
        25,
        20,
        24,
        15,
        23,
        16,
        24,
        14,
        25,
        22,
        19,
        14,
        16,
        15,
        13,
        26,
        18,
        20,
        9,
        16,
        17,
        9,
        19,
        12,
        16,
        18,
        23,
        13,
        19,
        17,
        10,
        16,
        18,
        12,
        20,
        17,
        19,
        16,
        9,
        14,
        12,
        11,
        11,
        17,
        11,
        12,
        15,
        17,
        15,
        16,
        12,
        12,
        10,
        9,
        15,
        10,
        14,
        10,
        10,
        12,
        10,
        13,
        11,
        9,
        13,
        15,
        10,
        5,
        7,
        8,
        13,
        9,
        11,
        8,
        13,
        14,
        10,
        6,
        12,
        10,
        9,
        12,
        8,
        3,
        7,
        12,
        5,
        7,
        9,
        6,
        8,
        13,
        7,
        11,
        7,
        7,
        14,
        7,
        4,
        7,
        9,
        2,
        6,
        5,
        10,
        6,
        7,
        4,
        4,
        7,
        8,
        5,
        6,
        8,
        8,
        4,
        6,
        6,
        10,
        6,
        7,
        5,
        8,
        6,
        9,
        5,
        6,
        17,
        5,
        9,
        8,
        6,
        7,
        5,
        5,
        5,
        6,
        6,
        5,
        0,
        5,
        3,
        5,
        7,
        2,
        6,
        3,
        3,
        3,
        3,
        5,
        3,
        7,
        3,
        4,
        4,
        10,
        6,
        4,
        6,
        6,
        6,
        8,
        4,
        2,
        6,
        5,
        8,
        4,
        1,
        4,
        3,
        5,
        4,
        1,
        1,
        3,
        6,
        2,
        7,
        2,
        5,
        3,
        3,
        5,
        1,
        2,
        1,
        4,
        7,
        3
      ]
    },
    "scale": {
      "n_bytes": 8448,
      "shannon_bits_per_byte": 6.344750673621002,
      "bits_below_uniform": 1.655249326378998,
      "order0_savings_floor_pct": 20.690616579737476,
      "tv_distance_from_uniform": 0.47123579545454547,
      "chi2_vs_uniform": 70448.12121212122,
      "max_count_over_mean": 26.242424242424242,
      "min_count_over_mean": 0.0,