{
  "claim": 21,
  "experiment": "rho_scaling",
  "models": [
    "tinyllama",
    "smollm2_1.7b",
    "olmo2_1b",
    "qwen3_1.7b",
    "mistral_7b",
    "qwen3_8b"
  ],
  "rhos": [
    0.003,
    0.01,
    0.03
  ],
  "per_model_per_rho": [
    {
      "model": "tinyllama",
      "rho": 0.003,
      "n_bytes": 2910864,
      "frac_fp8": 0.9983674950117903,
      "frac_idx": 0.0008162524941048431,
      "frac_scale": 0.0008162524941048431,
      "br_fp8": 6.5911045410500355,
      "br_idx": 5.0606060606060606,
      "br_scale": 5.538720538720539,
      "best_fp8": 6.5911045410500355,
      "best_idx": 5.0606060606060606,
      "best_scale": 5.35016835016835,
      "best_name_fp8": "brotli-11",
      "best_name_idx": "brotli-11",
      "best_name_scale": "bz2-9",
      "H_fp8": 6.835106660350065,
      "H_idx": 5.522754341625028,
      "H_scale": 5.375406680390104,
      "br_total_bpB": 6.588996256781492,
      "best_total_bpB": 6.588842350587317,
      "H_total_bpB": 6.8328439657474735,
      "br_above_H_bpB": -0.24384770896598193
    },
    {
      "model": "tinyllama",
      "rho": 0.01,
      "n_bytes": 9612592,
      "frac_fp8": 0.9983704707325558,
      "frac_idx": 0.0008147646337221012,
      "frac_scale": 0.0008147646337221012,
      "br_fp8": 6.572260623399488,
      "br_idx": 4.3503575076608785,
      "br_scale": 4.701736465781409,
      "best_fp8": 6.572260623399488,
      "best_idx": 4.3503575076608785,
      "best_scale": 4.701736465781409,
      "best_name_fp8": "brotli-11",
      "best_name_idx": "brotli-11",
      "best_name_scale": "brotli-11",
      "H_fp8": 6.758170213768636,
      "H_idx": 4.877278983874313,
      "H_scale": 5.292969324270903,
      "br_total_bpB": 6.568926258391077,
      "best_total_bpB": 6.568926258391077,
      "H_total_bpB": 6.75544393624858,
      "br_above_H_bpB": -0.18651767785750242
    },
    {
      "model": "tinyllama",
      "rho": 0.03,
      "n_bytes": 29052056,
      "frac_fp8": 0.9983734025571203,
      "frac_idx": 0.0008132987214398871,
      "frac_scale": 0.0008132987214398871,
      "br_fp8": 6.55629854368932,
      "br_idx": 3.6671745386829184,
      "br_scale": 4.210597596072456,
      "best_fp8": 6.55629854368932,
      "best_idx": 3.376333164042661,
      "best_scale": 4.210597596072456,
      "best_name_fp8": "brotli-11",
      "best_name_idx": "lzma-6",
      "best_name_scale": "brotli-11",
      "H_fp8": 6.669667465675468,
      "H_idx": 4.18929633882729,
      "H_scale": 5.166985903977999,
      "br_total_bpB": 6.55204106724839,
      "best_total_bpB": 6.551804526330254,
      "H_total_bpB": 6.666428054016447,
      "br_above_H_bpB": -0.11438698676805686
    },
    {
      "model": "smollm2_1.7b",
      "rho": 0.003,
      "n_bytes": 4824576,
      "frac_fp8": 0.9984081502706145,
      "frac_idx": 0.000795924864692773,
      "frac_scale": 0.000795924864692773,
      "br_fp8": 6.575819781037415,
      "br_idx": 5.004166666666666,
      "br_scale": 4.852083333333334,
      "best_fp8": 6.575819781037415,
      "best_idx": 5.004166666666666,
      "best_scale": 4.852083333333334,
      "best_name_fp8": "brotli-11",
      "best_name_idx": "brotli-11",
      "best_name_scale": "brotli-11",
      "H_fp8": 6.805471483016099,
      "H_idx": 5.575357486881681,
      "H_scale": 5.263564531414817,
      "br_total_bpB": 6.573196898546111,
      "best_total_bpB": 6.573196898546111,
      "H_total_bpB": 6.803265162618347,
      "br_above_H_bpB": -0.23006826407223632
    },
    {
      "model": "smollm2_1.7b",
      "rho": 0.01,
      "n_bytes": 15950592,
      "frac_fp8": 0.998411093456594,
      "frac_idx": 0.0007944532717030189,
      "frac_scale": 0.0007944532717030189,
      "br_fp8": 6.560589574492027,
      "br_idx": 4.303661616161616,
      "br_scale": 5.018939393939394,
      "best_fp8": 6.560589574492027,
      "best_idx": 4.303661616161616,
      "best_scale": 4.503787878787879,
      "best_name_fp8": "brotli-11",
      "best_name_idx": "brotli-11",
      "best_name_scale": "bz2-9",
      "H_fp8": 6.711903109021026,
      "H_idx": 4.883938853299514,
      "H_scale": 5.151331894926807,
      "br_total_bpB": 6.557571781661771,
      "best_total_bpB": 6.5571625178551365,
      "H_total_bpB": 6.7092110759307495,
      "br_above_H_bpB": -0.151639294268978
    },
    {
      "model": "smollm2_1.7b",
      "rho": 0.03,
      "n_bytes": 48245472,
      "frac_fp8": 0.9984141102402314,
      "frac_idx": 0.0007929448798842719,
      "frac_scale": 0.0007929448798842719,
      "br_fp8": 6.548502770248724,
      "br_idx": 3.5602258469259724,
      "br_scale": 4.13237139272271,
      "best_fp8": 6.548502770248724,
      "best_idx": 3.284818067754078,
      "best_scale": 4.13237139272271,
      "best_name_fp8": "brotli-11",
      "best_name_idx": "lzma-6",
      "best_name_scale": "brotli-11",
      "H_fp8": 6.636051064428311,
      "H_idx": 4.1532243131990105,
      "H_scale": 5.034509377667193,
      "br_total_bpB": 6.544217372357762,
      "best_total_bpB": 6.5439989891693875,
      "H_total_bpB": 6.632812385387846,
      "br_above_H_bpB": -0.08859501303008349
    },
    {
      "model": "olmo2_1b",
      "rho": 0.003,
      "n_bytes": 3216384,
      "frac_fp8": 0.9984081502706145,
      "frac_idx": 0.000795924864692773,
      "frac_scale": 0.000795924864692773,
      "br_fp8": 6.540624501753826,
      "br_idx": 5.071875,
      "br_scale": 6.5125,
      "best_fp8": 6.540624501753826,
      "best_idx": 5.071875,
      "best_scale": 6.5125,
      "best_name_fp8": "brotli-11",
      "best_name_idx": "brotli-11",
      "best_name_scale": "brotli-11",
      "H_fp8": 6.7231483788772755,
      "H_idx": 5.595320989968183,
      "H_scale": 6.3903561672603875,
      "br_total_bpB": 6.539433102515122,
      "best_total_bpB": 6.539433102515122,
      "H_total_bpB": 6.72198583541936,
      "br_above_H_bpB": -0.1825527329042368
    },
    {
      "model": "olmo2_1b",
      "rho": 0.01,
      "n_bytes": 10633728,
      "frac_fp8": 0.998411093456594,
      "frac_idx": 0.0007944532717030189,
      "frac_scale": 0.0007944532717030189,
      "br_fp8": 6.530214662905093,
      "br_idx": 4.392045454545454,
      "br_scale": 6.21875,
      "best_fp8": 6.530214662905093,
      "best_idx": 4.392045454545454,
      "best_scale": 6.1022727272727275,
      "best_name_fp8": "brotli-11",
      "best_name_idx": "brotli-11",
      "best_name_scale": "lzma-6",
      "H_fp8": 6.621802893059548,
      "H_idx": 4.8821165798544675,
      "H_scale": 6.344750673621002,
      "br_total_bpB": 6.528268543261592,
      "best_total_bpB": 6.5281760075111945,
      "H_total_bpB": 6.62020068853412,
      "br_above_H_bpB": -0.09193214527252848
    },
    {
      "model": "olmo2_1b",
      "rho": 0.03,
      "n_bytes": 32163648,
      "frac_fp8": 0.9984141102402314,
      "frac_idx": 0.0007929448798842719,
      "frac_scale": 0.0007929448798842719,
      "br_fp8": 6.525567502391581,
      "br_idx": 3.6474278544542034,
      "br_scale": 5.833124215809285,
      "best_fp8": 6.525567502391581,
      "best_idx": 3.3676286072772896,
      "best_scale": 5.70702634880803,
      "best_name_fp8": "brotli-11",
      "best_name_idx": "lzma-6",
      "best_name_scale": "bz2-9",
      "H_fp8": 6.567898657208662,
      "H_idx": 4.145367508314743,
      "H_scale": 6.227876132719782,
      "br_total_bpB": 6.522736226935452,
      "best_total_bpB": 6.522414372897004,
      "H_total_bpB": 6.565708104417948,
      "br_above_H_bpB": -0.04297187748249602
    },
    {
      "model": "qwen3_1.7b",
      "rho": 0.003,
      "n_bytes": 4135488,
      "frac_fp8": 0.9983750406239844,
      "frac_idx": 0.0008124796880077998,
      "frac_scale": 0.0008124796880077998,
      "br_fp8": 6.575332883804563,
      "br_idx": 5.054761904761905,
      "br_scale": 4.7785714285714285,
      "best_fp8": 6.575332883804563,
      "best_idx": 5.054761904761905,
      "best_scale": 4.7785714285714285,
      "best_name_fp8": "brotli-11",
      "best_name_idx": "brotli-11",