{
  "claim": 21,
  "wave": 44,
  "experiment": "headline_end_to_end_ratio",
  "model": "olmo2_1b",
  "rho": 0.01,
  "n_params": 1073741824,
  "bf16_bytes": 2147483648,
  "bf16_sha256": "9fc55169f65d198d225f5420f2c97142ab43b7bb08697e9e3ec45a13fd9afa6f",
  "baselines_on_raw_bf16": {
    "gzip_9": {
      "bytes": 1701359194,
      "bpB": 6.3380568996071815,
      "wall_seconds": 134.05518126487732
    },
    "zstd_19": {
      "bytes": 1592046810,
      "bpB": 5.930836535990238,
      "wall_seconds": 812.2293553352356
    },
    "brotli_11": {
      "bytes": 1537658331,
      "bpB": 5.728223662823439,
      "wall_seconds": 3023.9550700187683
    }
  },
  "claim21_pipeline": {
    "fp8_raw_bytes": 10616832,
    "idx_delta_raw_bytes": 16896,
    "scale_raw_bytes": 8448,
    "fp8_brotli11_bytes": 8666274,
    "idx_delta_brotli11_bytes": 5589,
    "scale_brotli11_bytes": 6567,
    "total_compressed_bytes": 8678430,
    "fp8_sha256": "5dceb1972be0d89cd49c7efa374075b735b1ff30f63b754f460788c90ec6f0f4",
    "idx_delta_sha256": "06b6c7b32650580722ea75440adf7618b8ffa592e33a73ce2cf070a11b0f7a68",
    "scale_sha256": "c254ee704ffb58b1bd08c0ca9e6d77b2fe5f230fd91b0da479a6b41c5d3f5052"
  },
  "headline_ratios": {
    "claim21_vs_bf16": 247.45070801976854,
    "gzip9_vs_bf16": 1.2622165005328088,
    "zstd19_vs_bf16": 1.348882227903839,
    "brotli11_vs_bf16": 1.3965935115139698,
    "claim21_vs_brotli11_bf16": 177.18162513265648,
    "claim21_vs_zstd19_bf16": 183.448712497537,
    "claim21_vs_gzip9_bf16": 196.04458340967201
  },
  "bytes_per_param": {
    "bf16_original": 2.0,
    "gzip_9": 1.5845142249017954,
    "zstd_19": 1.4827091339975595,
    "brotli_11": 1.4320559157058597,
    "claim21": 0.008082417771220207
  },
  "wall_seconds_total": 4032.8419857025146
}