{
  "claim": 21,
  "experiment": "delta_bytewise",
  "model": "smollm2_1.7b",
  "rho": 0.01,
  "idx_delta_bytes": 25344,
  "n_deltas": 6336,
  "delta_stats": {
    "min": 0,
    "max": 1499,
    "mean": 96.96559343434343,
    "median": 65.0,
    "p99": 499.64999999999964
  },
  "full_stream_H_bpB": 2.782212127242765,
  "full_stream_floor_pct": 65.22234840946544,
  "per_byte_position": [
    {
      "byte_position": 0,
      "shannon_H_bpB": 7.4841084714631165,
      "order0_savings_floor_pct": 6.448644106711043,
      "zero_fraction": 0.0009469696969697239,
      "nonzero_fraction": 0.9990530303030303,
      "hist": [
        6,
        238,
        123,
        115,
        90,
        78,
        87,
        70,
        74,
        64,
        45,
        50,
        61,
        48,
        54,
        53,
        32,
        38,
        42,
        49,
        44,
        39,
        49,
        48,
        41,
        49,
        62,
        37,
        50,
        57,
        53,
        59,
        79,
        61,
        53,
        49,
        39,
        59,
        24,
        28,
        41,
        34,
        49,
        27,
        43,
        27,
        34,
        36,
        32,
        23,
        35,
        29,
        27,
        35,
        42,
        34,
        31,
        31,
        44,
        49,
        48,
        37,
        38,
        58,
        95,
        79,
        43,
        26,
        30,
        31,
        34,
        30,
        31,
        24,
        28,
        19,
        39,
        40,
        28,
        28,
        33,
        19,
        19,
        19,
        21,
        33,
        28,
        30,
        20,
        30,
        24,
        28,
        29,
        31,
        33,
        48,
        66,
        56,
        30,
        25,
        16,
        19,
        19,
        23,
        27,
        24,
        16,
        15,
        27,
        21,
        12,
        16,
        19,
        15,
        18,
        16,
        18,
        24,
        24,
        13,
        10,
        20,
        18,
        14,
        17,
        22,
        24,
        32,
        49,
        26,
        25,
        17,
        20,
        15,
        15,
        16,
        14,
        16,
        13,
        16,
        15,
        7,
        7,
        14,
        15,
        15,
        6,
        14,
        14,
        10,
        10,
        10,
        10,
        18,
        12,
        16,
        12,
        10,
        11,
        12,
        20,
        25,
        11,
        8,
        10,
        13,
        14,
        8,
        9,
        8,
        10,
        7,
        15,
        15,
        8,
        10,
        12,
        5,
        8,
        3,
        14,
        11,
        4,
        16,
        13,
        8,
        6,
        11,
        13,
        8,
        8,
        17,
        23,
        20,
        16,
        9,
        14,
        11,
        10,
        8,
        5,
        12,
        4,
        6,
        4,
        3,
        8,
        2,
        7,
        8,
        9,
        8,
        4,
        8,
        8,
        11,
        5,
        5,
        8,
        3,
        6,
        8,
        10,
        13,
        14,
        5,
        3,
        18,
        11,
        3,
        3,
        9,
        8,
        3,
        7,
        6,
        3,
        7,
        9,
        3,
        5,
        4,
        4,
        2,
        6,
        5,
        1,
        6,
        3,
        5,
        4,
        10,
        2,
        5,
        5,
        6
      ]
    },
    {
      "byte_position": 1,
      "shannon_H_bpB": 0.4262505647555884,
      "order0_savings_floor_pct": 94.67186794055515,
      "zero_fraction": 0.9275568181818181,
      "nonzero_fraction": 0.07244318181818182,
      "hist": [
        5877,
        402,
        40,
        7,
        6,
        4,
        0,
        0,
        0,
        0,
        0,
        0,
        0,
        0,
        0,
        0,
        0,
        0,
        0,
        0,
        0,
        0,
        0,
        0,
        0,
        0,
        0,
        0,
        0,
        0,
        0,
        0,
        0,
        0,
        0,
        0,
        0,
        0,
        0,
        0,
        0,
        0,
        0,
        0,
        0,
        0,
        0,
        0,
        0,
        0,
        0,
        0,
        0,
        0,
        0,
        0,
        0,
        0,
        0,
        0,
        0,
        0,
        0,
        0,
        0,
        0,
        0,
        0,
        0,
        0,
        0,
        0,
        0,
        0,
        0,
        0,
        0,
        0,
        0,
        0,
        0,
        0,
        0,
        0,
        0,
        0,
        0,
        0,
        0,
        0,
        0,
        0,
        0,
        0,
        0,
        0,
        0,
        0,
        0,
        0,
        0,
        0,
        0,
        0,
        0,
        0,
        0,
        0,
        0,
        0,
        0,
        0,
        0,
        0,
        0,
        0,
        0,
        0,
        0,
        0,
        0,
        0,
        0,
        0,
        0,
        0,
        0,
        0,
        0,
        0,
        0,
        0,
        0,
        0,
        0,
        0,
        0,
        0,
        0,
        0,
        0,
        0,
        0,
        0,
        0,
        0,
        0,
        0,
        0,
        0,
        0,
        0,
        0,
        0,
        0,
        0,
        0,
        0,
        0,
        0,
        0,
        0,
        0,
        0,
        0,
        0,
        0,
        0,
        0,
        0,
        0,
        0,
        0,
        0,
        0,
        0,
        0,
        0,
        0,
        0,
        0,
        0,
        0,
        0,
        0,
        0,
        0,
        0,
        0,
        0,
        0,
        0,
        0,
        0,
        0,
        0,
        0,
        0,
        0,
        0,
        0,
        0,
        0,
        0,
        0,
        0,
        0,
        0,
        0,
        0,
        0,
        0,
        0,
        0,
        0,
        0,
        0,
        0,
        0,
        0,
        0,
        0,
        0,
        0,
        0,
        0,
        0,
        0,
        0,
        0,
        0,
        0,
        0,
        0,
        0,
        0,
        0,
        0,
        0,
        0,
        0,
        0,
        0,
        0,
        0,
        0,
        0,
        0,
        0,
        0,
        0,
        0,
        0,
        0,
        0,
        0
      ]
    },
    {
      "byte_position": 2,
      "shannon_H_bpB": -0.0,
      "order0_savings_floor_pct": 100.0,
      "zero_fraction": 1.0,
      "nonzero_fraction": 0.0,