{
  "claim": 21,
  "experiment": "block_shuffle",
  "model": "qwen3_1.7b",
  "rho": 0.01,
  "seed": 33,
  "block_sizes": [
    1,
    4,
    16,
    64,
    256,
    1024,
    4096,
    16384,
    65536,
    "full"
  ],
  "raw_sizes": {
    "fp8": 13877248,
    "idx_delta": 22624,
    "scale": 11312
  },
  "by_stream": {
    "fp8": {
      "full": {
        "orig_encoded": {
          "zstd-9": {
            "bytes": 11656441,
            "pct": 16.003223405678128,
            "s": 0.015508413314819336
          },
          "lzma-6": {
            "bytes": 11542288,
            "pct": 16.825814455430933,
            "s": 3.6020092964172363
          },
          "brotli-11": {
            "bytes": 11392074,
            "pct": 17.90826250276712,
            "s": 13.111588716506958
          }
        }
      },
      "1": {
        "zstd-9": {
          "bytes": 11696081,
          "pct": 15.717575992012248,
          "s": 0.01601123809814453
        },
        "lzma-6": {
          "bytes": 11764708,
          "pct": 15.22304710559327,
          "s": 3.57413387298584
        },
        "brotli-11": {
          "bytes": 11621937,
          "pct": 16.251860599450264,
          "s": 18.079180479049683
        }
      },
      "4": {
        "zstd-9": {
          "bytes": 11696613,
          "pct": 15.713742378892414,
          "s": 0.018517017364501953
        },
        "lzma-6": {
          "bytes": 11750684,
          "pct": 15.324104606331169,
          "s": 4.19569206237793
        },
        "brotli-11": {
          "bytes": 11616816,
          "pct": 16.288762728748523,
          "s": 17.239880800247192
        }
      },
      "16": {
        "zstd-9": {
          "bytes": 11696371,
          "pct": 15.715486240499557,
          "s": 0.020502567291259766
        },
        "lzma-6": {
          "bytes": 11739304,
          "pct": 15.406109338105077,
          "s": 4.18811559677124
        },
        "brotli-11": {
          "bytes": 11610710,
          "pct": 16.332762807150235,
          "s": 18.18470573425293
        }
      },
      "64": {
        "zstd-9": {
          "bytes": 11696150,
          "pct": 15.717078775273022,
          "s": 0.020024776458740234
        },
        "lzma-6": {
          "bytes": 11721408,
          "pct": 15.535068624557262,
          "s": 4.284879446029663
        },
        "brotli-11": {
          "bytes": 11527027,
          "pct": 16.935785827276415,
          "s": 19.067761659622192
        }
      },
      "256": {
        "zstd-9": {
          "bytes": 11695364,
          "pct": 15.722742722476386,
          "s": 0.019032716751098633
        },
        "lzma-6": {
          "bytes": 11676688,
          "pct": 15.857322719893743,
          "s": 4.106593608856201
        },
        "brotli-11": {
          "bytes": 11440051,
          "pct": 17.562538336131198,
          "s": 18.277832746505737
        }
      },
      "1024": {
        "zstd-9": {
          "bytes": 11694672,
          "pct": 15.727729301948052,
          "s": 0.01854085922241211
        },
        "lzma-6": {
          "bytes": 11605132,
          "pct": 16.37295809659091,
          "s": 4.126027584075928
        },
        "brotli-11": {
          "bytes": 11404974,
          "pct": 17.815304590650825,
          "s": 15.594631433486938
        }
      },
      "4096": {
        "zstd-9": {
          "bytes": 11692024,
          "pct": 15.746810895070839,
          "s": 0.017016172409057617
        },
        "lzma-6": {
          "bytes": 11559576,
          "pct": 16.701236441115704,
          "s": 3.9463400840759277
        },
        "brotli-11": {
          "bytes": 11395343,
          "pct": 17.884705958991294,
          "s": 14.34545612335205
        }
      },
      "16384": {
        "zstd-9": {
          "bytes": 11687490,
          "pct": 15.779483079065821,
          "s": 0.01802515983581543
        },
        "lzma-6": {
          "bytes": 11547912,
          "pct": 16.785287688164107,
          "s": 3.9538118839263916
        },
        "brotli-11": {
          "bytes": 11393490,
          "pct": 17.898058750553425,
          "s": 14.423137187957764
        }
      },
      "65536": {
        "zstd-9": {
          "bytes": 11666002,
          "pct": 15.934326460116589,
          "s": 0.017506837844848633
        },
        "lzma-6": {
          "bytes": 11543652,
          "pct": 16.81598541728158,
          "s": 4.005042314529419
        },
        "brotli-11": {
          "bytes": 11393074,
          "pct": 17.901056463068183,
          "s": 14.342983961105347
        }
      }
    },
    "idx_delta": {
      "full": {
        "orig_encoded": {
          "zstd-9": {
            "bytes": 7756,
            "pct": 65.71782178217822,
            "s": 0.0004999637603759766
          },
          "lzma-6": {
            "bytes": 6372,
            "pct": 71.83521923620934,
            "s": 0.005006313323974609
          },
          "brotli-11": {
            "bytes": 7321,
            "pct": 67.64055869872702,
            "s": 0.02051091194152832
          }
        }
      },
      "1": {
        "zstd-9": {
          "bytes": 9942,
          "pct": 56.0555162659123,
          "s": 0.0004994869232177734
        },
        "lzma-6": {
          "bytes": 9600,
          "pct": 57.567185289957564,
          "s": 0.005505084991455078
        },
        "brotli-11": {
          "bytes": 8438,
          "pct": 62.703323903818955,
          "s": 0.01801276206970215
        }
      },
      "4": {
        "zstd-9": {
          "bytes": 7884,
          "pct": 65.15205091937766,
          "s": 0.0005006790161132812
        },
        "lzma-6": {
          "bytes": 6452,
          "pct": 71.48161244695898,
          "s": 0.004506587982177734
        },
        "brotli-11": {
          "bytes": 7513,
          "pct": 66.79190240452617,
          "s": 0.019011735916137695
        }
      },
      "16": {
        "zstd-9": {
          "bytes": 7881,
          "pct": 65.16531117397454,
          "s": 0.0005009174346923828
        },
        "lzma-6": {
          "bytes": 6456,
          "pct": 71.46393210749646,
          "s": 0.004999876022338867
        },
        "brotli-11": {
          "bytes": 7514,
          "pct": 66.78748231966054,
          "s": 0.018514633178710938
        }
      },
      "64": {
        "zstd-9": {
          "bytes": 7787,
          "pct": 65.58079915134371,
          "s": 0.0
        },
        "lzma-6": {
          "bytes": 6412,
          "pct": 71.65841584158416,
          "s": 0.005003929138183594
        },
        "brotli-11": {
          "bytes": 7373,
          "pct": 67.41071428571429,
          "s": 0.01650834083557129
        }
      },
      "256": {
        "zstd-9": {
          "bytes": 7798,
          "pct": 65.53217821782178,
          "s": 0.0004994869232177734
        },
        "lzma-6": {
          "bytes": 6384,
          "pct": 71.78217821782178,
          "s": 0.004507303237915039
        },
        "brotli-11": {
          "bytes": 7364,
          "pct": 67.45049504950495,
          "s": 0.015510082244873047
        }
      },
      "1024": {
        "zstd-9": {
          "bytes": 7763,
          "pct": 65.68688118811882,
          "s": 0.0005002021789550781
        },
        "lzma-6": {
          "bytes": 6368,
          "pct": 71.85289957567186,
          "s": 0.005009174346923828
        },
        "brotli-11": {
          "bytes": 7348,
          "pct": 67.52121640735503,
          "s": 0.017511844635009766
        }
      },
      "4096": {
        "zstd-9": {
          "bytes": 7744,
          "pct": 65.77086280056577,
          "s": 0.0005004405975341797
        },
        "lzma-6": {
          "bytes": 6380,
          "pct": 71.7998585572843,
          "s": 0.004999637603759766
        },
        "brotli-11": {
          "bytes": 7344,
          "pct": 67.53889674681754,
          "s": 0.022011756896972656
        }
      },