{
  "claim": 21,
  "model": "qwen3_1.7b",
  "rho": 0.01,
  "score_mode": "weighted",
  "n_restored_rows": 5656,
  "n_total_rows": 573440,
  "n_restored_params": 13877248,
  "n_total_params": 1409286144,
  "avg_row_width": 2453.5445544554455,
  "base_bpw": 2.7708333333333335,
  "payload_bytes": {
    "fp8_raw": 13877248,
    "fp8_zstd22": 11651777,
    "idx_delta_raw": 11312,
    "idx_delta_zstd": 6940,
    "scale_raw": 11312,
    "scale_zstd": 7113
  },
  "shannon_entropy_bits_per_byte": {
    "fp8": 6.6720034528121825,
    "idx": 4.89671856847165,
    "scale": 5.027298341511262
  },
  "old_overlay_bpw": 0.07896868387858073,
  "new_overlay_bpw": 0.06622263363429479,
  "old_effective_bpw": 2.849802017211914,
  "new_effective_bpw": 2.837055966967628,
  "saved_pct_of_overlay_bits": 16.140639071411893,
  "saved_bpw_absolute": 0.012746050244285989
}