{
  "claim": 21,
  "model": "qwen3_8b",
  "rho": 0.003,
  "score_mode": "weighted",
  "n_restored_rows": 4176,
  "n_total_rows": 1400832,
  "n_restored_params": 20643840,
  "n_total_params": 6945767424,
  "avg_row_width": 4943.448275862069,
  "base_bpw": 2.7717391304347827,
  "payload_bytes": {
    "fp8_raw": 20643840,
    "fp8_zstd22": 17528236,
    "idx_delta_raw": 8352,
    "idx_delta_zstd": 5973,
    "scale_raw": 8352,
    "scale_zstd": 5511
  },
  "shannon_entropy_bits_per_byte": {
    "fp8": 6.851216238851571,
    "idx": 5.674931475236706,
    "scale": 5.243361271884413
  },
  "old_overlay_bpw": 0.023806032927139946,
  "new_overlay_bpw": 0.020201908793426367,
  "old_effective_bpw": 2.795545163361923,
  "new_effective_bpw": 2.791941039228209,
  "saved_pct_of_overlay_bits": 15.139541076601285,
  "saved_bpw_absolute": 0.003604124133713693,
  "codec_sweep": {
    "fp8": {
      "raw_bytes": 20643840,
      "shannon_bits_per_byte": 6.851216238851571,
      "shannon_bytes": 17679426.480031703,
      "codecs": {
        "zstd-3": {
          "bytes": 17359676,
          "bits_per_byte": 6.727304997519841
        },
        "zstd-9": {
          "bytes": 17579348,
          "bits_per_byte": 6.812433345734127
        },
        "zstd-15": {
          "bytes": 17578064,
          "bits_per_byte": 6.811935763888889
        },
        "zstd-22": {
          "bytes": 17528236,
          "bits_per_byte": 6.7926261780753965
        },
        "zlib-9": {
          "bytes": 17379577,
          "bits_per_byte": 6.735017128596231
        },
        "bz2-9": {
          "bytes": 18308800,
          "bits_per_byte": 7.095114087301587
        },
        "lzma-6": {
          "bytes": 17174796,
          "bits_per_byte": 6.655659412202381
        }
      }
    },
    "idx_delta": {
      "raw_bytes": 8352,
      "shannon_bits_per_byte": 5.674931475236706,
      "shannon_bytes": 5924.628460147121,
      "codecs": {
        "zstd-3": {
          "bytes": 5993,
          "bits_per_byte": 5.740421455938697
        },
        "zstd-9": {
          "bytes": 5979,
          "bits_per_byte": 5.727011494252873
        },
        "zstd-15": {
          "bytes": 5968,
          "bits_per_byte": 5.716475095785441
        },
        "zstd-22": {
          "bytes": 5973,
          "bits_per_byte": 5.721264367816092
        },
        "zlib-9": {
          "bytes": 6196,
          "bits_per_byte": 5.934865900383142
        },
        "bz2-9": {
          "bytes": 5873,
          "bits_per_byte": 5.625478927203065
        },
        "lzma-6": {
          "bytes": 5792,
          "bits_per_byte": 5.547892720306513
        }
      }
    },
    "scale": {
      "raw_bytes": 8352,
      "shannon_bits_per_byte": 5.243361271884413,
      "shannon_bytes": 5474.069167847327,
      "codecs": {
        "zstd-3": {
          "bytes": 5566,
          "bits_per_byte": 5.331417624521073
        },
        "zstd-9": {
          "bytes": 5547,
          "bits_per_byte": 5.313218390804598
        },
        "zstd-15": {
          "bytes": 5539,
          "bits_per_byte": 5.305555555555555
        },
        "zstd-22": {
          "bytes": 5511,
          "bits_per_byte": 5.278735632183908
        },
        "zlib-9": {
          "bytes": 5564,
          "bits_per_byte": 5.329501915708812
        },
        "bz2-9": {
          "bytes": 4856,
          "bits_per_byte": 4.6513409961685825
        },
        "lzma-6": {
          "bytes": 5500,
          "bits_per_byte": 5.268199233716475
        }
      }
    }
  }
}