{
  "claim": 21,
  "wave": 44,
  "experiment": "headline_end_to_end_ratio_summary",
  "rho": 0.01,
  "models": [
    "olmo2_1b",
    "qwen3_1.7b",
    "smollm2_1.7b",
    "tinyllama"
  ],
  "per_model": {
    "olmo2_1b": {
      "n_params": 1073741824,
      "bf16_bytes": 2147483648,
      "ratios": {
        "claim21_vs_bf16": 247.45070801976854,
        "gzip9_vs_bf16": 1.2622165005328088,
        "zstd19_vs_bf16": 1.348882227903839,
        "brotli11_vs_bf16": 1.3965935115139698,
        "claim21_vs_brotli11_bf16": 177.18162513265648,
        "claim21_vs_zstd19_bf16": 183.448712497537,
        "claim21_vs_gzip9_bf16": 196.04458340967201
      },
      "bytes_per_param": {
        "bf16_original": 2.0,
        "gzip_9": 1.5845142249017954,
        "zstd_19": 1.4827091339975595,
        "brotli_11": 1.4320559157058597,
        "claim21": 0.008082417771220207
      }
    },
    "qwen3_1.7b": {
      "n_params": 1409286144,
      "bf16_bytes": 2818572288,
      "ratios": {
        "claim21_vs_bf16": 247.1224616676292,
        "gzip9_vs_bf16": 1.2581754765021214,
        "zstd19_vs_bf16": 1.296811281092584,
        "brotli11_vs_bf16": 1.3918967945737715,
        "claim21_vs_brotli11_bf16": 177.54366748384058,
        "claim21_vs_zstd19_bf16": 190.56162239691855,
        "claim21_vs_gzip9_bf16": 196.41335114451545
      },
      "bytes_per_param": {
        "bf16_original": 2.0,
        "gzip_9": 1.5896033878837312,
        "zstd_19": 1.5422444492578506,
        "brotli_11": 1.4368881427106404,
        "claim21": 0.008093153436978659
      }
    },
    "smollm2_1.7b": {
      "n_params": 1610612736,
      "bf16_bytes": 3221225472,
      "ratios": {
        "claim21_vs_bf16": 246.34686683019814,
        "gzip9_vs_bf16": 1.2571000216160408,
        "zstd19_vs_bf16": 1.2980544246245964,
        "brotli11_vs_bf16": 1.3955560178412636,
        "claim21_vs_brotli11_bf16": 176.52237794887188,
        "claim21_vs_zstd19_bf16": 189.78161636130383,
        "claim21_vs_gzip9_bf16": 195.96441221400318
      },
      "bytes_per_param": {
        "bf16_original": 2.0,
        "gzip_9": 1.5909633009384077,
        "zstd_19": 1.5407674455394347,
        "brotli_11": 1.433120544378956,
        "claim21": 0.00811863380173842
      }
    },
    "tinyllama": {
      "n_params": 968884224,
      "bf16_bytes": 1937768448,
      "ratios": {
        "claim21_vs_bf16": 245.477561328585,
        "gzip9_vs_bf16": 1.2582723700356884,
        "zstd19_vs_bf16": 1.298775974195613,
        "brotli11_vs_bf16": 1.3952124593645945,
        "claim21_vs_brotli11_bf16": 175.94278181860562,
        "claim21_vs_zstd19_bf16": 189.00685430419952,
        "claim21_vs_gzip9_bf16": 195.09095739074564
      },
      "bytes_per_param": {
        "bf16_original": 2.0,
        "gzip_9": 1.5894809801341134,
        "zstd_19": 1.5399114548901975,
        "brotli_11": 1.4334734373794489,
        "claim21": 0.008147384181167141
      }
    }
  },
  "cohort": {
    "bf16_bytes_total": 10125049856,
    "gzip9_bytes_total": 8044014024,
    "zstd19_bytes_total": 7739086129,
    "brotli11_bytes_total": 7259716881,
    "claim21_bytes_total": 41053846,
    "n_params_total": 5062524928,
    "headline_ratios_vs_bf16": {
      "gzip_9": 1.2587061417087355,
      "zstd_19": 1.3083004488164678,
      "brotli_11": 1.3946893552418136,
      "claim21": 246.62853404769922
    },
    "claim21_vs_baseline_ratios": {
      "vs_gzip9": 195.93813510188545,
      "vs_zstd19": 188.51062404725735,
      "vs_brotli11": 176.83402624445952
    },
    "bytes_per_param": {
      "bf16_original": 2.0,
      "gzip_9": 1.5889332177921476,
      "zstd_19": 1.5287008437620477,
      "brotli_11": 1.4340110881919197,
      "claim21": 0.008109361748114635
    }
  }
}