{
  "claim": 21,
  "experiment": "delta_bytewise",
  "model": "tinyllama",
  "rho": 0.01,
  "idx_delta_bytes": 15664,
  "n_deltas": 3916,
  "delta_stats": {
    "min": 0,
    "max": 1280,
    "mean": 96.13815117466802,
    "median": 64.0,
    "p99": 453.8499999999999
  },
  "full_stream_H_bpB": 2.7776160874826945,
  "full_stream_floor_pct": 65.27979890646631,
  "per_byte_position": [
    {
      "byte_position": 0,
      "shannon_H_bpB": 7.495839354398316,
      "order0_savings_floor_pct": 6.3020080700210475,
      "zero_fraction": 0.002298263534218581,
      "nonzero_fraction": 0.9977017364657814,
      "hist": [
        9,
        151,
        84,
        47,
        35,
        44,
        40,
        28,
        32,
        33,
        31,
        30,
        25,
        41,
        36,
        24,
        29,
        27,
        30,
        35,
        44,
        29,
        36,
        29,
        42,
        34,
        44,
        37,
        46,
        30,
        43,
        33,
        45,
        33,
        34,
        27,
        16,
        20,
        40,
        25,
        22,
        23,
        25,
        25,
        33,
        32,
        21,
        28,
        28,
        14,
        22,
        23,
        17,
        20,
        25,
        25,
        24,
        16,
        22,
        20,
        17,
        18,
        34,
        27,
        78,
        25,
        22,
        21,
        23,
        11,
        16,
        10,
        11,
        13,
        20,
        16,
        19,
        25,
        17,
        14,
        29,
        17,
        17,
        15,
        16,
        17,
        17,
        20,
        23,
        26,
        11,
        9,
        11,
        13,
        16,
        22,
        18,
        12,
        19,
        11,
        13,
        17,
        16,
        12,
        14,
        8,
        13,
        11,
        11,
        11,
        8,
        14,
        9,
        17,
        13,
        13,
        8,
        6,
        10,
        19,
        13,
        7,
        14,
        9,
        18,
        12,
        13,
        11,
        27,
        21,
        9,
        9,
        10,
        11,
        16,
        10,
        6,
        9,
        8,
        10,
        10,
        5,
        7,
        7,
        3,
        10,
        11,
        14,
        9,
        5,
        8,
        10,
        6,
        11,
        6,
        14,
        10,
        7,
        17,
        8,
        11,
        8,
        9,
        5,
        7,
        4,
        11,
        7,
        9,
        9,
        8,
        4,
        3,
        7,
        8,
        5,
        2,
        4,
        5,
        11,
        7,
        5,
        4,
        4,
        11,
        4,
        8,
        11,
        7,
        10,
        10,
        3,
        15,
        5,
        10,
        5,
        3,
        3,
        4,
        10,
        10,
        2,
        3,
        9,
        6,
        2,
        6,
        2,
        1,
        2,
        8,
        6,
        3,
        6,
        6,
        3,
        6,
        10,
        8,
        7,
        5,
        6,
        5,
        3,
        5,
        2,
        6,
        9,
        4,
        6,
        2,
        7,
        3,
        2,
        1,
        3,
        0,
        2,
        3,
        6,
        1,
        2,
        1,
        1,
        3,
        8,
        3,
        5,
        6,
        3,
        3,
        0,
        3,
        3,
        6,
        3
      ]
    },
    {
      "byte_position": 1,
      "shannon_H_bpB": 0.40658902825404447,
      "order0_savings_floor_pct": 94.91763714682445,
      "zero_fraction": 0.9292645556690501,
      "nonzero_fraction": 0.07073544433094994,
      "hist": [
        3639,
        252,
        19,
        1,
        4,
        1,
        0,
        0,
        0,
        0,
        0,
        0,
        0,
        0,
        0,
        0,
        0,
        0,
        0,
        0,
        0,
        0,
        0,
        0,
        0,
        0,
        0,
        0,
        0,
        0,
        0,
        0,
        0,
        0,
        0,
        0,
        0,
        0,
        0,
        0,
        0,
        0,
        0,
        0,
        0,
        0,
        0,
        0,
        0,
        0,
        0,
        0,
        0,
        0,
        0,
        0,
        0,
        0,
        0,
        0,
        0,
        0,
        0,
        0,
        0,
        0,
        0,
        0,
        0,
        0,
        0,
        0,
        0,
        0,
        0,
        0,
        0,
        0,
        0,
        0,
        0,
        0,
        0,
        0,
        0,
        0,
        0,
        0,
        0,
        0,
        0,
        0,
        0,
        0,
        0,
        0,
        0,
        0,
        0,
        0,
        0,
        0,
        0,
        0,
        0,
        0,
        0,
        0,
        0,
        0,
        0,
        0,
        0,
        0,
        0,
        0,
        0,
        0,
        0,
        0,
        0,
        0,
        0,
        0,
        0,
        0,
        0,
        0,
        0,
        0,
        0,
        0,
        0,
        0,
        0,
        0,
        0,
        0,
        0,
        0,
        0,
        0,
        0,
        0,
        0,
        0,
        0,
        0,
        0,
        0,
        0,
        0,
        0,
        0,
        0,
        0,
        0,
        0,
        0,
        0,
        0,
        0,
        0,
        0,
        0,
        0,
        0,
        0,
        0,
        0,
        0,
        0,
        0,
        0,
        0,
        0,
        0,
        0,
        0,
        0,
        0,
        0,
        0,
        0,
        0,
        0,
        0,
        0,
        0,
        0,
        0,
        0,
        0,
        0,
        0,
        0,
        0,
        0,
        0,
        0,
        0,
        0,
        0,
        0,
        0,
        0,
        0,
        0,
        0,
        0,
        0,
        0,
        0,
        0,
        0,
        0,
        0,
        0,
        0,
        0,
        0,
        0,
        0,
        0,
        0,
        0,
        0,
        0,
        0,
        0,
        0,
        0,
        0,
        0,
        0,
        0,
        0,
        0,
        0,
        0,
        0,
        0,
        0,
        0,
        0,
        0,
        0,
        0,
        0,
        0,
        0,
        0,
        0,
        0,
        0,
        0
      ]
    },
    {
      "byte_position": 2,
      "shannon_H_bpB": -0.0,
      "order0_savings_floor_pct": 100.0,
      "zero_fraction": 1.0,
      "nonzero_fraction": 0.0,