{
  "claim": 21,
  "experiment": "fp8_histogram",
  "model": "smollm2_1.7b",
  "rho": 0.01,
  "streams": {
    "fp8": {
      "n_bytes": 15925248,
      "shannon_bits_per_byte": 6.711903109021026,
      "bits_below_uniform": 1.2880968909789736,
      "order0_savings_floor_pct": 16.101211137237172,
      "tv_distance_from_uniform": 0.572251810458462,
      "chi2_vs_uniform": 31595680.27118698,
      "max_count_over_mean": 5.369486239711934,
      "min_count_over_mean": 0.0,
      "histogram": [
        111,
        185,
        191,
        186,
        185,
        161,
        204,
        180,
        203,
        187,
        182,
        183,
        214,
        180,
        171,
        192,
        246,
        390,
        410,
        347,
        364,
        372,
        406,
        361,
        587,
        747,
        766,
        749,
        764,
        738,
        749,
        764,
        1178,
        1548,
        1504,
        1467,
        1498,
        1472,
        1539,
        1545,
        2296,
        3028,
        3010,
        3012,
        3079,
        3039,
        2957,
        3029,
        4498,
        6001,
        6194,
        6157,
        6007,
        5969,
        5935,
        5943,
        9020,
        11942,
        12245,
        11901,
        11990,
        11926,
        12036,
        11864,
        17932,
        23811,
        24359,
        23487,
        23967,
        23713,
        23962,
        23889,
        35495,
        46708,
        47498,
        46070,
        46822,
        46256,
        45952,
        46158,
        68273,
        89909,
        90092,
        87286,
        86920,
        85612,
        85028,
        84539,
        124207,
        162104,
        159148,
        151888,
        150739,
        146027,
        142495,
        138780,
        202445,
        257277,
        247504,
        231397,
        222397,
        210424,
        201382,
        192194,
        271675,
        333380,
        306536,
        274508,
        253295,
        228045,
        207967,
        189843,
        251299,
        279795,
        228387,
        179362,
        144490,
        112992,
        88171,
        67944,
        72231,
        57820,
        32117,
        16559,
        8424,
        4212,
        4328,
        0,
        102,
        189,
        168,
        189,
        162,
        183,
        165,
        189,
        219,
        188,
        195,
        189,
        202,
        192,
        197,
        194,
        271,
        374,
        374,
        359,
        397,
        370,
        346,
        376,
        573,
        754,
        725,
        707,
        708,
        782,
        759,
        753,
        1121,
        1442,
        1610,
        1482,
        1553,
        1512,
        1504,
        1506,
        2260,
        2958,
        2987,
        2946,
        3059,
        3041,
        3035,
        3011,
        4589,
        5883,
        6203,
        5860,
        6175,
        6065,
        6075,
        6108,
        8971,
        11836,
        12062,
        11834,
        12044,
        11956,
        12178,
        12109,
        18052,
        24039,
        24485,
        23585,
        23856,
        23684,
        23757,
        23754,
        35227,
        47050,
        47141,
        46367,
        46238,
        46165,
        45648,
        45641,
        68186,
        90405,
        89717,
        87217,
        87217,
        85754,
        84834,
        83612,
        124268,
        161010,
        159031,
        151994,
        149735,
        145869,
        142839,
        139582,
        202019,
        257524,
        246565,
        230376,
        222294,
        211544,
        201610,
        192357,
        272453,
        334025,
        307148,
        273514,
        251810,
        228963,
        207614,
        188632,
        251968,
        279925,
        228228,
        180358,
        144716,
        112934,
        88335,
        67716,
        72423,
        58011,
        31961,
        16433,
        8650,
        4200,
        4427,
        0
      ]
    },
    "idx_delta": {
      "n_bytes": 25344,
      "shannon_bits_per_byte": 2.782212127242765,
      "bits_below_uniform": 5.217787872757235,
      "order0_savings_floor_pct": 65.22234840946544,
      "tv_distance_from_uniform": 0.7529987373737372,
      "chi2_vs_uniform": 3459157.4545454546,
      "max_count_over_mean": 187.42424242424244,
      "min_count_over_mean": 0.010101010101010102,
      "histogram": [
        18555,
        640,
        163,
        122,
        96,
        82,
        87,
        70,
        74,
        64,
        45,
        50,
        61,
        48,
        54,
        53,
        32,
        38,
        42,
        49,
        44,
        39,
        49,
        48,
        41,
        49,
        62,
        37,
        50,
        57,
        53,
        59,
        79,
        61,
        53,
        49,
        39,
        59,
        24,
        28,
        41,
        34,
        49,
        27,
        43,
        27,
        34,
        36,
        32,
        23,
        35,
        29,
        27,
        35,
        42,
        34,
        31,
        31,
        44,
        49,
        48,
        37,
        38,
        58,
        95,
        79,
        43,
        26,
        30,
        31,
        34,
        30,
        31,
        24,
        28,
        19,
        39,
        40,
        28,
        28,
        33,
        19,
        19,
        19,
        21,
        33,
        28,
        30,
        20,
        30,
        24,
        28,
        29,
        31,
        33,
        48,
        66,
        56,
        30,
        25,
        16,
        19,
        19,
        23,
        27,
        24,
        16,
        15,
        27,
        21,
        12,
        16,
        19,
        15,
        18,
        16,
        18,
        24,
        24,
        13,
        10,
        20,
        18,
        14,
        17,
        22,
        24,
        32,
        49,
        26,
        25,
        17,
        20,
        15,
        15,
        16,
        14,
        16,
        13,
        16,
        15,
        7,
        7,
        14,
        15,
        15,
        6,
        14,
        14,
        10,
        10,
        10,
        10,
        18,
        12,
        16,
        12,
        10,
        11,
        12,
        20,
        25,
        11,
        8,
        10,
        13,
        14,
        8,
        9,
        8,
        10,
        7,
        15,
        15,
        8,
        10,
        12,
        5,
        8,
        3,
        14,
        11,
        4,
        16,
        13,
        8,
        6,
        11,
        13,
        8,
        8,
        17,
        23,
        20,
        16,
        9,
        14,
        11,
        10,
        8,
        5,
        12,
        4,
        6,
        4,
        3,
        8,
        2,
        7,
        8,
        9,
        8,
        4,
        8,
        8,
        11,
        5,
        5,
        8,
        3,
        6,
        8,
        10,
        13,
        14,
        5,
        3,
        18,
        11,
        3,
        3,
        9,
        8,
        3,
        7,
        6,
        3,
        7,
        9,
        3,
        5,
        4,
        4,
        2,
        6,
        5,
        1,
        6,
        3,
        5,
        4,
        10,
        2,
        5,
        5,
        6
      ]
    },
    "scale": {
      "n_bytes": 12672,
      "shannon_bits_per_byte": 5.151331894926807,
      "bits_below_uniform": 2.848668105073193,
      "order0_savings_floor_pct": 35.60835131341491,
      "tv_distance_from_uniform": 0.7962436868686869,
      "chi2_vs_uniform": 122503.59595959596,
      "max_count_over_mean": 27.434343434343436,