{
  "claim": 21,
  "wave": 35,
  "experiment": "fp8_order2_bootstrap_summary",
  "rho": 0.01,
  "cohort_brotli11_bpB": 6.55825402045287,
  "cohort_oracle_bpB": 6.412580600354403,
  "per_alpha": {
    "0.1": {
      "contiguous": {
        "0.05": 7.630852558028874,
        "0.1": 7.330246675482067,
        "0.25": 6.967451913125733,
        "0.5": 6.749504384975067,
        "0.75": 6.6411724446859015
      },
      "interleaved": {
        "0.05": 7.583250590042822,
        "0.1": 7.306186137526035,
        "0.25": 6.967158148219758,
        "0.5": 6.7521173970902115,
        "0.75": 6.655185708771541
      }
    },
    "0.01": {
      "contiguous": {
        "0.05": 8.607616255490068,
        "0.1": 7.976839081007482,
        "0.25": 7.267075735631822,
        "0.5": 6.873876045086278,
        "0.75": 6.690634688190461
      },
      "interleaved": {
        "0.05": 8.516979720033932,
        "0.1": 7.937919589553034,
        "0.25": 7.269932837050181,
        "0.5": 6.878725309049922,
        "0.75": 6.718489664751397
      }
    }
  }
}