{
  "claim": 21,
  "experiment": "delta_bytewise",
  "model": "qwen3_1.7b",
  "rho": 0.01,
  "idx_delta_bytes": 22624,
  "n_deltas": 5656,
  "delta_stats": {
    "min": 0,
    "max": 951,
    "mean": 96.51467468175389,
    "median": 62.0,
    "p99": 480.0
  },
  "full_stream_H_bpB": 2.7906281017676178,
  "full_stream_floor_pct": 65.11714872790478,
  "per_byte_position": [
    {
      "byte_position": 0,
      "shannon_H_bpB": 7.5032531739658745,
      "order0_savings_floor_pct": 6.209335325426569,
      "zero_fraction": 0.004066478076379054,
      "nonzero_fraction": 0.995933521923621,
      "hist": [
        23,
        169,
        128,
        96,
        87,
        96,
        60,
        72,
        50,
        47,
        70,
        42,
        41,
        50,
        43,
        57,
        44,
        68,
        40,
        57,
        51,
        43,
        45,
        52,
        51,
        46,
        55,
        31,
        42,
        42,
        46,
        52,
        45,
        34,
        43,
        37,
        25,
        33,
        37,
        45,
        38,
        42,
        36,
        53,
        28,
        33,
        26,
        29,
        24,
        36,
        42,
        35,
        31,
        35,
        36,
        29,
        47,
        53,
        50,
        49,
        53,
        46,
        36,
        39,
        49,
        30,
        38,
        40,
        35,
        23,
        28,
        22,
        25,
        35,
        22,
        25,
        26,
        20,
        29,
        17,
        17,
        19,
        22,
        26,
        22,
        20,
        14,
        27,
        17,
        23,
        19,
        20,
        21,
        17,
        27,
        19,
        18,
        27,
        22,
        20,
        18,
        25,
        13,
        11,
        12,
        19,
        30,
        14,
        17,
        11,
        25,
        20,
        20,
        13,
        18,
        20,
        18,
        17,
        22,
        28,
        16,
        17,
        9,
        7,
        21,
        28,
        19,
        19,
        21,
        26,
        30,
        17,
        15,
        13,
        15,
        10,
        16,
        9,
        17,
        15,
        11,
        17,
        15,
        6,
        8,
        18,
        9,
        7,
        15,
        7,
        14,
        6,
        5,
        19,
        10,
        10,
        10,
        13,
        6,
        16,
        4,
        14,
        7,
        13,
        8,
        13,
        12,
        12,
        12,
        10,
        14,
        14,
        7,
        11,
        9,
        6,
        6,
        9,
        6,
        10,
        6,
        10,
        12,
        7,
        10,
        10,
        22,
        15,
        4,
        13,
        9,
        11,
        10,
        12,
        7,
        9,
        8,
        10,
        6,
        6,
        10,
        10,
        6,
        11,
        4,
        4,
        21,
        3,
        9,
        2,
        5,
        8,
        5,
        2,
        8,
        5,
        5,
        4,
        9,
        3,
        6,
        4,
        5,
        4,
        7,
        6,
        4,
        2,
        9,
        0,
        5,
        4,
        4,
        6,
        5,
        8,
        6,
        3,
        11,
        6,
        6,
        0,
        4,
        4,
        2,
        5,
        8,
        4,
        5,
        10,
        2,
        9,
        4,
        10,
        6,
        9
      ]
    },
    {
      "byte_position": 1,
      "shannon_H_bpB": 0.4462985165322003,
      "order0_savings_floor_pct": 94.4212685433475,
      "zero_fraction": 0.9195544554455446,
      "nonzero_fraction": 0.08044554455445545,
      "hist": [
        5201,
        409,
        40,
        6,
        0,
        0,
        0,
        0,
        0,
        0,
        0,
        0,
        0,
        0,
        0,
        0,
        0,
        0,
        0,
        0,
        0,
        0,
        0,
        0,
        0,
        0,
        0,
        0,
        0,
        0,
        0,
        0,
        0,
        0,
        0,
        0,
        0,
        0,
        0,
        0,
        0,
        0,
        0,
        0,
        0,
        0,
        0,
        0,
        0,
        0,
        0,
        0,
        0,
        0,
        0,
        0,
        0,
        0,
        0,
        0,
        0,
        0,
        0,
        0,
        0,
        0,
        0,
        0,
        0,
        0,
        0,
        0,
        0,
        0,
        0,
        0,
        0,
        0,
        0,
        0,
        0,
        0,
        0,
        0,
        0,
        0,
        0,
        0,
        0,
        0,
        0,
        0,
        0,
        0,
        0,
        0,
        0,
        0,
        0,
        0,
        0,
        0,
        0,
        0,
        0,
        0,
        0,
        0,
        0,
        0,
        0,
        0,
        0,
        0,
        0,
        0,
        0,
        0,
        0,
        0,
        0,
        0,
        0,
        0,
        0,
        0,
        0,
        0,
        0,
        0,
        0,
        0,
        0,
        0,
        0,
        0,
        0,
        0,
        0,
        0,
        0,
        0,
        0,
        0,
        0,
        0,
        0,
        0,
        0,
        0,
        0,
        0,
        0,
        0,
        0,
        0,
        0,
        0,
        0,
        0,
        0,
        0,
        0,
        0,
        0,
        0,
        0,
        0,
        0,
        0,
        0,
        0,
        0,
        0,
        0,
        0,
        0,
        0,
        0,
        0,
        0,
        0,
        0,
        0,
        0,
        0,
        0,
        0,
        0,
        0,
        0,
        0,
        0,
        0,
        0,
        0,
        0,
        0,
        0,
        0,
        0,
        0,
        0,
        0,
        0,
        0,
        0,
        0,
        0,
        0,
        0,
        0,
        0,
        0,
        0,
        0,
        0,
        0,
        0,
        0,
        0,
        0,
        0,
        0,
        0,
        0,
        0,
        0,
        0,
        0,
        0,
        0,
        0,
        0,
        0,
        0,
        0,
        0,
        0,
        0,
        0,
        0,
        0,
        0,
        0,
        0,
        0,
        0,
        0,
        0,
        0,
        0,
        0,
        0,
        0,
        0
      ]
    },
    {
      "byte_position": 2,
      "shannon_H_bpB": -0.0,
      "order0_savings_floor_pct": 100.0,
      "zero_fraction": 1.0,
      "nonzero_fraction": 0.0,