{
  "claim": 21,
  "model": "smollm2_1.7b",
  "rho": 0.003,
  "score_mode": "weighted",
  "n_restored_rows": 1920,
  "n_total_rows": 638976,
  "n_restored_params": 4816896,
  "n_total_params": 1610612736,
  "avg_row_width": 2508.8,
  "base_bpw": 2.765625,
  "payload_bytes": {
    "fp8_raw": 4816896,
    "fp8_zstd22": 4118768,
    "idx_delta_raw": 3840,
    "idx_delta_zstd": 2749,
    "scale_raw": 3840,
    "scale_zstd": 2624
  },
  "shannon_entropy_bits_per_byte": {
    "fp8": 6.805471483016099,
    "idx": 5.575357486881681,
    "scale": 5.263564531414817
  },
  "old_overlay_bpw": 0.023983001708984375,
  "new_overlay_bpw": 0.020484829942385357,
  "old_effective_bpw": 2.7896080017089844,
  "new_effective_bpw": 2.786109829942385,
  "saved_pct_of_overlay_bits": 14.586046438417899,
  "saved_bpw_absolute": 0.0034981717665991674
}