{
  "claim": 21,
  "experiment": "end_to_end_synthesis",
  "rho": 0.01,
  "models": [
    "olmo2_1b",
    "qwen3_1.7b",
    "smollm2_1.7b",
    "tinyllama"
  ],
  "per_model": [
    {
      "model": "olmo2_1b",
      "n_bytes_total": 10642176,
      "fp8_bytes": 10616832,
      "idx_bytes": 16896,
      "scale_bytes": 8448,
      "raw_bits": 85137408,
      "brotli_bits": 69419832,
      "order0_bits": 70403233.66024414,
      "bitlevel_bits": 70380876.94027758,
      "brotli_bpB": 6.523086256043877,
      "order0_bpB": 6.615492326028449,
      "bitlevel_bpB": 6.613391560173181,
      "reduction_vs_brotli_pct": -1.3843953702993355,
      "reduction_vs_raw_pct": 17.332605497835246,
      "approach_order0_pct": -96104494.02775764
    },
    {
      "model": "qwen3_1.7b",
      "n_bytes_total": 13911184,
      "fp8_bytes": 13877248,
      "idx_bytes": 22624,
      "scale_bytes": 11312,
      "raw_bits": 111289472,
      "brotli_bits": 91234976,
      "order0_bits": 92709050.54054452,
      "bitlevel_bits": 92679583.37914492,
      "brotli_bpB": 6.55839042888082,
      "order0_bpB": 6.664353698473438,
      "bitlevel_bpB": 6.662235463145691,
      "reduction_vs_brotli_pct": -1.5833920744878827,
      "reduction_vs_raw_pct": 16.722056710678867,
      "approach_order0_pct": -144460737.9144922
    },
    {
      "model": "smollm2_1.7b",
      "n_bytes_total": 15963264,
      "fp8_bytes": 15925248,
      "idx_bytes": 25344,
      "scale_bytes": 12672,
      "raw_bits": 127706112,
      "brotli_bits": 104597152,
      "order0_bits": 107024511.62505624,
      "bitlevel_bits": 106991757.09466414,
      "brotli_bpB": 6.552366232870671,
      "order0_bpB": 6.704425337140089,
      "bitlevel_bpB": 6.702373467898805,
      "reduction_vs_brotli_pct": -2.289359747255969,
      "reduction_vs_raw_pct": 16.220331651264942,
      "approach_order0_pct": -239460509.46641415
    },
    {
      "model": "tinyllama",
      "n_bytes_total": 9620424,
      "fp8_bytes": 9596928,
      "idx_bytes": 15664,
      "scale_bytes": 7832,
      "raw_bits": 76963392,
      "brotli_bits": 63144408,
      "order0_bits": 64942636.06742424,
      "bitlevel_bits": 64922513.28159347,
      "brotli_bpB": 6.563578486769398,
      "order0_bpB": 6.750496242933185,
      "bitlevel_bpB": 6.748404569444493,
      "reduction_vs_brotli_pct": -2.8159346772139693,
      "reduction_vs_raw_pct": 15.644942881943832,
      "approach_order0_pct": -177810528.15934718
    }
  ],
  "cohort": {
    "n_bytes_total": 50137048,
    "raw_bits": 401096384,
    "brotli_bits": 328396368,
    "order0_bits": 335079431.8932691,
    "bitlevel_bits": 334974730.69568014,
    "raw_bpB": 8.0,
    "brotli_bpB": 6.54997414287335,
    "order0_bpB": 6.683270061956362,
    "bitlevel_bpB": 6.681181761951365,
    "reduction_vs_brotli_pct": -2.003177664766421,
    "reduction_vs_raw_pct": 16.48522797560794,
    "close_gap_to_order0_pct": -657836269.5680141
  }
}