{
  "claim": 21,
  "experiment": "shared_coder_cross_entropy",
  "rho": 0.01,
  "models": [
    "olmo2_1b",
    "qwen3_1.7b",
    "smollm2_1.7b",
    "tinyllama"
  ],
  "streams": [
    "fp8",
    "idx_delta",
    "scale"
  ],
  "per_stream": {
    "fp8": {
      "models": [
        "olmo2_1b",
        "qwen3_1.7b",
        "smollm2_1.7b",
        "tinyllama"
      ],
      "H_cross_bpB": [
        [
          6.621803200889354,
          6.627565752762223,
          6.639642445217469,
          6.657575162823392
        ],
        [
          6.677739538932744,
          6.672003678737737,
          6.675439806962159,
          6.685275888686987
        ],
        [
          6.729709272591162,
          6.715344267121433,
          6.711903302244947,
          6.715247679644661
        ],
        [
          6.794215477436886,
          6.771580929062457,
          6.761536018557785,
          6.758170543183993
        ]
      ],
      "H_self_bpB": [
        6.621802893059549,
        6.672003452812184,
        6.711903109021027,
        6.758170213768634
      ],
      "excess_bpB": [
        [
          0.0,
          0.005762551872869004,
          0.017839244328115456,
          0.035771961934037755
        ],
        [
          0.0057358601950063814,
          0.0,
          0.0034361282244219638,
          0.013272209949249714
        ],
        [
          0.017805970346215005,
          0.0034409648764865963,
          0.0,
          0.003344377399714382
        ],
        [
          0.036044934252893235,
          0.013410385878464659,
          0.0033654753737923926,
          0.0
        ]
      ],
      "per_train_model": [
        {
          "train": "olmo2_1b",
          "mean_delta_bpB": 0.01986225493137154,
          "worst_delta_bpB": 0.036044934252893235
        },
        {
          "train": "qwen3_1.7b",
          "mean_delta_bpB": 0.007537967542606753,
          "worst_delta_bpB": 0.013410385878464659
        },
        {
          "train": "smollm2_1.7b",
          "mean_delta_bpB": 0.00821361597544327,
          "worst_delta_bpB": 0.017839244328115456
        },
        {
          "train": "tinyllama",
          "mean_delta_bpB": 0.017462849761000616,
          "worst_delta_bpB": 0.035771961934037755
        }
      ],
      "global_mean_excess_bpB": 0.013269172052605546,
      "global_worst_excess_bpB": 0.036044934252893235
    },
    "idx_delta": {
      "models": [
        "olmo2_1b",
        "qwen3_1.7b",
        "smollm2_1.7b",
        "tinyllama"
      ],
      "H_cross_bpB": [
        [
          2.7867100721530824,
          2.8089465466742163,
          2.8134380861173005,
          2.8191383443638656
        ],
        [
          2.8138988724138265,
          2.7913456578216813,
          2.8182646644556635,
          2.8209727836787484
        ],
        [
          2.8110062259527795,
          2.810341007191903,
          2.7827256550845023,
          2.8098067848221655
        ],
        [
          2.8115817125895433,
          2.809020449284007,
          2.8051679364327007,
          2.7790151106412524
        ]
      ],
      "H_self_bpB": [
        2.785532305053899,
        2.7906281017676138,
        2.782212127242765,
        2.7776160874826985
      ],
      "excess_bpB": [
        [
          0.0,
          0.022236474521133864,
          0.02672801396421809,
          0.03242827221078315
        ],
        [
          0.02255321459214521,
          0.0,
          0.026919006633982168,
          0.02962712585706706
        ],
        [
          0.028280570868277177,
          0.027615352107400515,
          0.0,
          0.02708112973766319
        ],
        [
          0.03256660194829086,
          0.030005338642754786,
          0.026152825791448286,
          0.0
        ]
      ],
      "per_train_model": [
        {
          "train": "olmo2_1b",
          "mean_delta_bpB": 0.02780012913623775,
          "worst_delta_bpB": 0.03256660194829086
        },
        {
          "train": "qwen3_1.7b",
          "mean_delta_bpB": 0.026619055090429722,
          "worst_delta_bpB": 0.030005338642754786
        },
        {
          "train": "smollm2_1.7b",
          "mean_delta_bpB": 0.026599948796549516,
          "worst_delta_bpB": 0.026919006633982168
        },
        {
          "train": "tinyllama",
          "mean_delta_bpB": 0.029712175935171132,
          "worst_delta_bpB": 0.03242827221078315
        }
      ],
      "global_mean_excess_bpB": 0.02768282723959703,
      "global_worst_excess_bpB": 0.03256660194829086
    },
    "scale": {
      "models": [
        "olmo2_1b",
        "qwen3_1.7b",
        "smollm2_1.7b",
        "tinyllama"
      ],
      "H_cross_bpB": [
        [
          6.3482402913907165,
          8.049751941216458,
          11.0947236698888,
          8.220055271357733
        ],
        [
          6.405156512633054,
          5.052639009599601,
          8.192998535144994,
          5.536404881273514
        ],
        [
          8.072451088406114,
          7.1633461034539465,
          5.173462269490498,
          7.385912549735089
        ],
        [
          7.5153637533570254,
          6.59558961255269,
          8.61150136951934,
          5.328224393086421
        ]
      ],
      "H_self_bpB": [
        6.344750673620993,
        5.027298341511264,
        5.151331894926807,
        5.292969324270902
      ],
      "excess_bpB": [
        [
          0.0,
          1.7015116498257417,
          4.746483378498084,
          1.8718149799670165
        ],
        [
          1.3525175030334529,
          0.0,
          3.140359525545393,
          0.4837658716739126
        ],
        [
          2.8989888189156154,
          1.9898838339634484,
          0.0,
          2.2124502802445907
        ],
        [
          2.1871393602706046,
          1.267365219466269,
          3.2832769764329193,
          0.0
        ]
      ],
      "per_train_model": [
        {
          "train": "olmo2_1b",
          "mean_delta_bpB": 2.146215227406558,
          "worst_delta_bpB": 2.8989888189156154
        },
        {
          "train": "qwen3_1.7b",
          "mean_delta_bpB": 1.6529202344184863,
          "worst_delta_bpB": 1.9898838339634484
        },
        {
          "train": "smollm2_1.7b",
          "mean_delta_bpB": 3.723373293492132,
          "worst_delta_bpB": 4.746483378498084
        },
        {
          "train": "tinyllama",
          "mean_delta_bpB": 1.52267704396184,
          "worst_delta_bpB": 2.2124502802445907
        }
      ],
      "global_mean_excess_bpB": 2.261296449819754,
      "global_worst_excess_bpB": 4.746483378498084
    }
  }
}