{
  "claim": 21,
  "experiment": "fp8_order1",
  "models": [
    "olmo2_1b",
    "qwen3_1.7b",
    "smollm2_1.7b",
    "tinyllama"
  ],
  "rho": 0.01,
  "per_model": [
    {
      "model": "olmo2_1b",
      "n_bytes": 10616832,
      "H0": 6.621802893059548,
      "H1": 6.6041667323416595,
      "gain": 0.017636160717888316,
      "br": 6.530214662905093,
      "codecs": {
        "zstd-3": 6.634052794656636,
        "zstd-9": 6.6695835443190585,
        "zstd-15": 6.66192024136767,
        "zstd-22": 6.6569997528452935,
        "zlib-9": 6.650236906828703,
        "bz2-9": 6.98395378206983,
        "lzma-6": 6.602264781057099,
        "brotli-11": 6.530214662905093,
        "lz4-hc": 7.99321906949267
      }
    },
    {
      "model": "qwen3_1.7b",
      "n_bytes": 13877248,
      "H0": 6.6720034528121825,
      "H1": 6.649360284681933,
      "gain": 0.02264316813024969,
      "br": 6.567338999778631,
      "codecs": {
        "zstd-3": 6.695553469967533,
        "zstd-9": 6.71974212754575,
        "zstd-15": 6.7203410935655254,
        "zstd-22": 6.717053410013282,
        "zlib-9": 6.692750608766234,
        "bz2-9": 7.024375438127214,
        "lzma-6": 6.6539348435655254,
        "brotli-11": 6.567338999778631,
        "lz4-hc": 8.000499810913519
      }
    },
    {
      "model": "smollm2_1.7b",
      "n_bytes": 15925248,
      "H0": 6.711903109021026,
      "H1": 6.676412441566219,
      "gain": 0.03549066745480722,
      "br": 6.560589574492027,
      "codecs": {
        "zstd-3": 6.693281511220422,
        "zstd-9": 6.743299696180555,
        "zstd-15": 6.743855291923868,
        "zstd-22": 6.742257828575103,
        "zlib-9": 6.70532829378858,
        "bz2-9": 7.037853350855196,
        "lzma-6": 6.648763020833333,
        "brotli-11": 6.560589574492027,
        "lz4-hc": 8.000497825842336
      }
    },
    {
      "model": "tinyllama",
      "n_bytes": 9596928,
      "H0": 6.758170213768636,
      "H1": 6.707834922624125,
      "gain": 0.05033529114451163,
      "br": 6.572260623399488,
      "codecs": {
        "zstd-3": 6.748078551803244,
        "zstd-9": 6.774952984955186,
        "zstd-15": 6.775334773794281,
        "zstd-22": 6.769598771606915,
        "zlib-9": 6.736669067434913,
        "bz2-9": 7.065467616303884,
        "lzma-6": 6.665643005761844,
        "brotli-11": 6.572260623399488,
        "lz4-hc": 8.000505995251814
      }
    }
  ],
  "cohort": {
    "n_bytes": 50016256,
    "H0": 6.690584955832585,
    "H1": 6.659600492281529,
    "gain": 0.03098446355105653,
    "brotli_11": 6.55825402045287,
    "brotli_minus_H1": -0.10134647182865812
  }
}