{
  "claim": 21,
  "experiment": "coder_efficiency",
  "rho": 0.01,
  "models": [
    "olmo2_1b",
    "qwen3_1.7b",
    "smollm2_1.7b",
    "tinyllama"
  ],
  "streams": {
    "fp8": {
      "n_bytes_total": 50016256,
      "H_order0_bpB": 6.690584955832585,
      "best_codec": "brotli-11",
      "best_bpB": 6.55825402045287,
      "best_context_bonus_bpB": 0.13233093537971463,
      "per_codec": {
        "zstd-3": {
          "bpB": 6.691853784497584,
          "redundancy_bpB": 0.001268828664999333
        },
        "zstd-9": {
          "bpB": 6.727189496151011,
          "redundancy_bpB": 0.03660454031842608
        },
        "zstd-15": {
          "bpB": 6.725979169652363,
          "redundancy_bpB": 0.03539421381977803
        },
        "zstd-22": {
          "bpB": 6.722413288991483,
          "redundancy_bpB": 0.03182833315889777
        },
        "zlib-9": {
          "bpB": 6.696157985115879,
          "redundancy_bpB": 0.005573029283294062
        },
        "bz2-9": {
          "bpB": 7.027971225995005,
          "redundancy_bpB": 0.33738627016241995
        },
        "lzma-6": {
          "bpB": 6.643566763573827,
          "redundancy_bpB": -0.04701819225875781
        },
        "brotli-11": {
          "bpB": 6.55825402045287,
          "redundancy_bpB": -0.13233093537971463
        },
        "lz4-hc": {
          "bpB": 7.998954899782983,
          "redundancy_bpB": 1.3083699439503977
        }
      }
    },
    "idx_delta": {
      "n_bytes_total": 40264,
      "H_order0_bpB": 2.7843791792637456,
      "best_codec": "brotli-11",
      "best_bpB": 4.338962845221538,
      "best_context_bonus_bpB": -1.554583665957792,
      "per_codec": {
        "zstd-3": {
          "bpB": 4.996224915557321,
          "redundancy_bpB": 2.2118457362935757
        },
        "zstd-9": {
          "bpB": 4.975163918140274,
          "redundancy_bpB": 2.1907847388765287
        },
        "zstd-15": {
          "bpB": 4.941386846811047,
          "redundancy_bpB": 2.157007667547301
        },
        "zstd-22": {
          "bpB": 4.943771110669581,
          "redundancy_bpB": 2.1593919314058354
        },
        "zlib-9": {
          "bpB": 5.2114047287899865,
          "redundancy_bpB": 2.427025549526241
        },
        "bz2-9": {
          "bpB": 4.6340154977150805,
          "redundancy_bpB": 1.849636318451335
        },
        "lzma-6": {
          "bpB": 4.508642956487185,
          "redundancy_bpB": 1.724263777223439
        },
        "brotli-11": {
          "bpB": 4.338962845221538,
          "redundancy_bpB": 1.554583665957792
        },
        "lz4-hc": {
          "bpB": 7.331015299026426,
          "redundancy_bpB": 4.54663611976268
        }
      }
    },
    "scale": {
      "n_bytes_total": 40264,
      "H_order0_bpB": 5.394433390873432,
      "best_codec": "bz2-9",
      "best_bpB": 4.872839260878204,
      "best_context_bonus_bpB": 0.5215941299952274,
      "per_codec": {
        "zstd-3": {
          "bpB": 5.476058017087224,
          "redundancy_bpB": 0.08162462621379252
        },
        "zstd-9": {
          "bpB": 5.454400953705544,
          "redundancy_bpB": 0.05996756283211191
        },
        "zstd-15": {
          "bpB": 5.475461951122591,
          "redundancy_bpB": 0.08102856024915894
        },
        "zstd-22": {
          "bpB": 5.435922908801907,
          "redundancy_bpB": 0.04148951792847555
        },
        "zlib-9": {
          "bpB": 5.494734750645738,
          "redundancy_bpB": 0.10030135977230614
        },
        "bz2-9": {
          "bpB": 4.872839260878204,
          "redundancy_bpB": -0.5215941299952274
        },
        "lzma-6": {
          "bpB": 5.270017881978939,
          "redundancy_bpB": -0.12441550889449271
        },
        "brotli-11": {
          "bpB": 5.0256308364792375,
          "redundancy_bpB": -0.3688025543941942
        },
        "lz4-hc": {
          "bpB": 7.756805086429565,
          "redundancy_bpB": 2.362371695556133
        }
      }
    }
  }
}