{
  "rows": [
    {
      "model": "mistral_7b",
      "rho": 0.003,
      "streams": {
        "fp8": {
          "shannon_bpb": 6.828096192995795,
          "best_lz_bpb": 6.676765538469145,
          "best_lz_name": "lzma-6",
          "gap_pct": -2.2162935355521682,
          "lzma6_bpb": 6.676765538469145,
          "lzma6_gap_pct": -2.2162935355521682
        },
        "idx_delta": {
          "shannon_bpb": 5.6637381915514124,
          "best_lz_bpb": 5.5390625,
          "best_lz_name": "lzma-6",
          "gap_pct": -2.2012968702789077,
          "lzma6_bpb": 5.5390625,
          "lzma6_gap_pct": -2.2012968702789077
        },
        "scale": {
          "shannon_bpb": 5.586345041179235,
          "best_lz_bpb": 5.50390625,
          "best_lz_name": "lzma-6",
          "gap_pct": -1.4757196444463194,
          "lzma6_bpb": 5.50390625,
          "lzma6_gap_pct": -1.4757196444463194
        }
      }
    },
    {
      "model": "olmo2_1b",
      "rho": 0.003,
      "streams": {
        "fp8": {
          "shannon_bpb": 6.7231483788772755,
          "best_lz_bpb": 6.6147361288265305,
          "best_lz_name": "lzma-6",
          "gap_pct": -1.6125220498085917,
          "lzma6_bpb": 6.6147361288265305,
          "lzma6_gap_pct": -1.6125220498085917
        },
        "idx_delta": {
          "shannon_bpb": 5.595320989968183,
          "best_lz_bpb": 5.921875,
          "best_lz_name": "zstd-3",
          "gap_pct": 5.836197970005539,
          "lzma6_bpb": 6.1625,
          "lzma6_gap_pct": 10.136666172480693
        },
        "scale": {
          "shannon_bpb": 6.3903561672603875,
          "best_lz_bpb": 6.734375,
          "best_lz_name": "zstd-3",
          "gap_pct": 5.383406241143786,
          "lzma6_bpb": 6.7375,
          "lzma6_gap_pct": 5.432308053784685
        }
      }
    },
    {
      "model": "qwen3_1.7b",
      "rho": 0.003,
      "streams": {
        "fp8": {
          "shannon_bpb": 6.728186398406631,
          "best_lz_bpb": 6.66570560515873,
          "best_lz_name": "lzma-6",
          "gap_pct": -0.9286424237993423,
          "lzma6_bpb": 6.66570560515873,
          "lzma6_gap_pct": -0.9286424237993423
        },
        "idx_delta": {
          "shannon_bpb": 5.623025588811171,
          "best_lz_bpb": 5.8428571428571425,
          "best_lz_name": "zstd-22",
          "gap_pct": 3.909488772083803,
          "lzma6_bpb": 5.933333333333334,
          "lzma6_gap_pct": 5.518519160567589
        },
        "scale": {
          "shannon_bpb": 5.09499418712419,
          "best_lz_bpb": 5.309523809523809,
          "best_lz_name": "zstd-9",
          "gap_pct": 4.210596018770109,
          "lzma6_bpb": 5.914285714285715,
          "lzma6_gap_pct": 16.080323098934965
        }
      }
    },
    {
      "model": "qwen3_8b",
      "rho": 0.003,
      "streams": {
        "fp8": {
          "shannon_bpb": 6.851216238851571,
          "best_lz_bpb": 6.655659412202381,
          "best_lz_name": "lzma-6",
          "gap_pct": -2.8543373881594305,
          "lzma6_bpb": 6.655659412202381,
          "lzma6_gap_pct": -2.8543373881594305
        },
        "idx_delta": {
          "shannon_bpb": 5.674931475236706,
          "best_lz_bpb": 5.547892720306513,
          "best_lz_name": "lzma-6",
          "gap_pct": -2.238595399513505,
          "lzma6_bpb": 5.547892720306513,
          "lzma6_gap_pct": -2.238595399513505
        },
        "scale": {
          "shannon_bpb": 5.243361271884413,
          "best_lz_bpb": 5.268199233716475,
          "best_lz_name": "lzma-6",
          "gap_pct": 0.473703041696672,
          "lzma6_bpb": 5.268199233716475,
          "lzma6_gap_pct": 0.473703041696672
        }
      }
    },
    {
      "model": "smollm2_1.7b",
      "rho": 0.003,
      "streams": {
        "fp8": {
          "shannon_bpb": 6.805471483016099,
          "best_lz_bpb": 6.6730043579931975,
          "best_lz_name": "lzma-6",
          "gap_pct": -1.9464797604910942,
          "lzma6_bpb": 6.6730043579931975,
          "lzma6_gap_pct": -1.9464797604910942
        },
        "idx_delta": {
          "shannon_bpb": 5.575357486881681,
          "best_lz_bpb": 5.708333333333333,
          "best_lz_name": "zstd-15",
          "gap_pct": 2.385064038755044,
          "lzma6_bpb": 5.758333333333334,
          "lzma6_gap_pct": 3.2818675193864877
        },
        "scale": {
          "shannon_bpb": 5.263564531414817,
          "best_lz_bpb": 5.458333333333333,
          "best_lz_name": "zstd-15",
          "gap_pct": 3.7003213460396873,
          "lzma6_bpb": 5.825,
          "lzma6_gap_pct": 10.666449802872897
        }
      }
    },
    {
      "model": "tinyllama",
      "rho": 0.003,
      "streams": {
        "fp8": {
          "shannon_bpb": 6.835106660350065,
          "best_lz_bpb": 6.69263125440451,
          "best_lz_name": "lzma-6",
          "gap_pct": -2.0844649985060753,
          "lzma6_bpb": 6.69263125440451,
          "lzma6_gap_pct": -2.0844649985060753
        },
        "idx_delta": {
          "shannon_bpb": 5.522754341625028,
          "best_lz_bpb": 5.848484848484849,
          "best_lz_name": "zstd-15",
          "gap_pct": 5.897972039146994,
          "lzma6_bpb": 6.101010101010101,
          "lzma6_gap_pct": 10.470423336174068
        },
        "scale": {
          "shannon_bpb": 5.375406680390104,
          "best_lz_bpb": 5.656565656565657,
          "best_lz_name": "zlib-9",
          "gap_pct": 5.230468928076491,
          "lzma6_bpb": 6.37037037037037,
          "lzma6_gap_pct": 18.50955191185757
        }
      }
    },
    {
      "model": "mistral_7b",
      "rho": 0.01,
      "streams": {
        "fp8": {
          "shannon_bpb": 6.715235893050383,
          "best_lz_bpb": 6.650787037717545,
          "best_lz_name": "lzma-6",
          "gap_pct": -0.9597407501281714,
          "lzma6_bpb": 6.650787037717545,
          "lzma6_gap_pct": -0.9597407501281714
        },
        "idx_delta": {
          "shannon_bpb": 4.87959077448294,
          "best_lz_bpb": 4.358974358974359,
          "best_lz_name": "lzma-6",
          "gap_pct": -10.669263870057796,
          "lzma6_bpb": 4.358974358974359,
          "lzma6_gap_pct": -10.669263870057796
        },
        "scale": {
          "shannon_bpb": 5.468815376182011,
          "best_lz_bpb": 4.926573426573427,
          "best_lz_name": "lzma-6",
          "gap_pct": -9.915162833438789,
          "lzma6_bpb": 4.926573426573427,
          "lzma6_gap_pct": -9.915162833438789
        }
      }
    },
    {
      "model": "olmo2_1b",
      "rho": 0.01,
      "streams": {
        "fp8": {
          "shannon_bpb": 6.621802893059548,
          "best_lz_bpb": 6.602264781057099,
          "best_lz_name": "lzma-6",
          "gap_pct": -0.2950572875391268,
          "lzma6_bpb": 6.602264781057099,
          "lzma6_gap_pct": -0.2950572875391268
        },
        "idx_delta": {
          "shannon_bpb": 4.8821165798544675,
          "best_lz_bpb": 4.609848484848484,
          "best_lz_name": "lzma-6",
          "gap_pct": -5.576845422525719,
          "lzma6_bpb": 4.609848484848484,
          "lzma6_gap_pct": -5.576845422525719
        },
        "scale": {
          "shannon_bpb": 6.344750673621002,
          "best_lz_bpb": 6.1022727272727275,
          "best_lz_name": "lzma-6",
          "gap_pct": -3.821709611953755,
          "lzma6_bpb": 6.1022727272727275,
          "lzma6_gap_pct": -3.821709611953755
        }
      }
    },
    {
      "model": "qwen3_1.7b",
      "rho": 0.01,
      "streams": {
        "fp8": {
          "shannon_bpb": 6.6720034528121825,
          "best_lz_bpb": 6.6539348435655254,
          "best_lz_name": "lzma-6",
          "gap_pct": -0.2708123485613809,
          "lzma6_bpb": 6.6539348435655254,
          "lzma6_gap_pct": -0.2708123485613809
        },
        "idx_delta": {
          "shannon_bpb": 4.89671856847165,
          "best_lz_bpb": 4.512022630834512,
          "best_lz_name": "lzma-6",
          "gap_pct": -7.856198641148548,