{
  "claim": 21,
  "wave": 40,
  "cohort_by_rho": {
    "0.005": {
      "n": 25020416,
      "H2_MM": 6.442794296638273,
      "brotli11": 6.564896762707702,
      "gap": -0.1221024660694292
    },
    "0.01": {
      "n": 50016256,
      "H2_MM": 6.514747483012537,
      "brotli11": 6.55825402045287,
      "gap": -0.04350653744033295
    },
    "0.02": {
      "n": 101303296,
      "H2_MM": 6.545359905802972,
      "brotli11": 6.55207025050794,
      "gap": -0.006710344704968563
    },
    "0.04": {
      "n": 202631168,
      "H2_MM": 6.550516466110824,
      "brotli11": 6.5461035885654075,
      "gap": 0.004412877545416194
    }
  },
  "rows": [
    {
      "n_bytes": 5308416,
      "H0_bpB": 6.670761226904878,
      "H1_MM_bpB": 6.644295059962568,
      "H2_MM_bpB": 6.386910126354792,
      "brotli11_bpB": 6.534356011284722,
      "H0_minus_brotli": 0.1364052156201554,
      "H1_MM_minus_brotli": 0.10993904867784554,
      "H2_MM_minus_brotli": -0.1474458849299305,
      "observed_trigrams": 1362455,
      "trigram_singleton_frac": 0.45425059910235566,
      "model": "olmo2_1b",
      "rho": 0.005,
      "H2_plugin_bpB": null,
      "H2_plugin_minus_brotli": null,
      "MM_correction_bpB": null
    },
    {
      "n_bytes": 10616832,
      "H0_bpB": 6.621802893059548,
      "H1_MM_bpB": 6.60712340016094,
      "H2_MM_bpB": 6.462434085736119,
      "brotli11_bpB": 6.530214662905093,
      "H0_minus_brotli": 0.09158823015445527,
      "H1_MM_minus_brotli": 0.07690873725584702,
      "H2_MM_minus_brotli": -0.0677805771689739,
      "observed_trigrams": 1752366,
      "trigram_singleton_frac": 0.4020541370923654,
      "model": "olmo2_1b",
      "rho": 0.01,
      "H2_plugin_bpB": null,
      "H2_plugin_minus_brotli": null,
      "MM_correction_bpB": null
    },
    {
      "n_bytes": 21495808,
      "H0_bpB": 6.5842242604865975,
      "H1_MM_bpB": 6.576293365037835,
      "H2_MM_bpB": 6.496981010901363,
      "brotli11_bpB": 6.526445342273247,
      "H0_minus_brotli": 0.05777891821335057,
      "H1_MM_minus_brotli": 0.04984802276458833,
      "H2_MM_minus_brotli": -0.029464331371883645,
      "observed_trigrams": 2200371,
      "trigram_singleton_frac": 0.35905990398891824,
      "model": "olmo2_1b",
      "rho": 0.02,
      "H2_plugin_bpB": null,
      "H2_plugin_minus_brotli": null,
      "MM_correction_bpB": null
    },
    {
      "n_bytes": 6995968,
      "H0_bpB": 6.708255914117014,
      "H1_MM_bpB": 6.678384359986287,
      "H2_MM_bpB": 6.457845096390754,
      "brotli11_bpB": 6.572014051522248,
      "H0_minus_brotli": 0.13624186259476634,
      "H1_MM_minus_brotli": 0.10637030846403928,
      "H2_MM_minus_brotli": -0.11416895513149417,
      "observed_trigrams": 1594421,
      "trigram_singleton_frac": 0.4333943168084214,
      "model": "qwen3_1.7b",
      "rho": 0.005,
      "H2_plugin_bpB": null,
      "H2_plugin_minus_brotli": null,
      "MM_correction_bpB": null
    },
    {
      "n_bytes": 13877248,
      "H0_bpB": 6.6720034528121825,
      "H1_MM_bpB": 6.651775297706028,
      "H2_MM_bpB": 6.522563703275226,
      "brotli11_bpB": 6.567338999778631,
      "H0_minus_brotli": 0.10466445303355165,
      "H1_MM_minus_brotli": 0.08443629792739671,
      "H2_MM_minus_brotli": -0.044775296503404505,
      "observed_trigrams": 2044214,
      "trigram_singleton_frac": 0.38581577075589935,
      "model": "qwen3_1.7b",
      "rho": 0.01,
      "H2_plugin_bpB": null,
      "H2_plugin_minus_brotli": null,
      "MM_correction_bpB": null
    },
    {
      "n_bytes": 28155904,
      "H0_bpB": 6.640009370185356,
      "H1_MM_bpB": 6.626780508876668,
      "H2_MM_bpB": 6.553116504513767,
      "brotli11_bpB": 6.563858720359325,
      "H0_minus_brotli": 0.07615064982603137,
      "H1_MM_minus_brotli": 0.0629217885173432,
      "H2_MM_minus_brotli": -0.010742215845557901,
      "observed_trigrams": 2566392,
      "trigram_singleton_frac": 0.3460562532925601,
      "model": "qwen3_1.7b",
      "rho": 0.02,
      "H2_plugin_bpB": null,
      "H2_plugin_minus_brotli": null,
      "MM_correction_bpB": null
    },
    {
      "n_bytes": 7962624,
      "H0_bpB": 6.762950600587645,
      "H1_MM_bpB": 6.714181372079953,
      "H2_MM_bpB": 6.487304769868549,
      "brotli11_bpB": 6.5695469232253085,
      "H0_minus_brotli": 0.19340367736233688,
      "H1_MM_minus_brotli": 0.14463444885464405,
      "H2_MM_minus_brotli": -0.08224215335675922,
      "observed_trigrams": 1756073,
      "trigram_singleton_frac": 0.42876349673390574,
      "model": "smollm2_1.7b",
      "rho": 0.005,
      "H2_plugin_bpB": null,
      "H2_plugin_minus_brotli": null,
      "MM_correction_bpB": null
    },
    {
      "n_bytes": 15925248,
      "H0_bpB": 6.711903109021026,
      "H1_MM_bpB": 6.678621862926795,
      "H2_MM_bpB": 6.544945637283247,
      "brotli11_bpB": 6.560589574492027,
      "H0_minus_brotli": 0.15131353452899976,
      "H1_MM_minus_brotli": 0.11803228843476798,
      "H2_MM_minus_brotli": -0.015643937208779768,
      "observed_trigrams": 2229470,
      "trigram_singleton_frac": 0.38239133067500347,
      "model": "smollm2_1.7b",
      "rho": 0.01,
      "H2_plugin_bpB": null,
      "H2_plugin_minus_brotli": null,
      "MM_correction_bpB": null
    },
    {
      "n_bytes": 32243712,
      "H0_bpB": 6.663264807344049,
      "H1_MM_bpB": 6.642235727439859,
      "H2_MM_bpB": 6.565449045319857,
      "brotli11_bpB": 6.552829649390244,
      "H0_minus_brotli": 0.11043515795380543,
      "H1_MM_minus_brotli": 0.08940607804961509,
      "H2_MM_minus_brotli": 0.012619395929613475,
      "observed_trigrams": 2750688,
      "trigram_singleton_frac": 0.34335264486557543,
      "model": "smollm2_1.7b",
      "rho": 0.02,
      "H2_plugin_bpB": null,
      "H2_plugin_minus_brotli": null,
      "MM_correction_bpB": null
    },
    {
      "n_bytes": 4753408,
      "H0_bpB": 6.800077919464099,
      "H1_MM_bpB": 6.7388411484280555,
      "H2_MM_bpB": 6.408490771218625,
      "brotli11_bpB": 6.580738703683757,
      "H0_minus_brotli": 0.21933921578034177,
      "H1_MM_minus_brotli": 0.1581024447442987,
      "H2_MM_minus_brotli": -0.17224793246513137,
      "observed_trigrams": 1430637,
      "trigram_singleton_frac": 0.4714123848327703,
      "model": "tinyllama",
      "rho": 0.005,
      "H2_plugin_bpB": null,
      "H2_plugin_minus_brotli": null,
      "MM_correction_bpB": null
    },
    {
      "n_bytes": 9596928,
      "H0_bpB": 6.758170213768636,
      "H1_MM_bpB": 6.7113791675309855,
      "H2_MM_bpB": 6.51120695705691,
      "brotli11_bpB": 6.572260623399488,
      "H0_minus_brotli": 0.18590959036914878,
      "H1_MM_minus_brotli": 0.13911854413149793,
      "H2_MM_minus_brotli": -0.061053666342577806,
      "observed_trigrams": 1892905,
      "trigram_singleton_frac": 0.41627656961125886,
      "model": "tinyllama",
      "rho": 0.01,
      "H2_plugin_bpB": null,
      "H2_plugin_minus_brotli": null,
      "MM_correction_bpB": null
    },
    {
      "n_bytes": 19407872,
      "H0_bpB": 6.703130503286039,
      "H1_MM_bpB": 6.672125789226308,
      "H2_MM_bpB": 6.554315084324312,
      "brotli11_bpB": 6.562088208331135,
      "H0_minus_brotli": 0.1410422949549046,
      "H1_MM_minus_brotli": 0.11003758089517301,
      "H2_MM_minus_brotli": -0.00777312400682284,
      "observed_trigrams": 2391622,
      "trigram_singleton_frac": 0.37283609199112566,
      "model": "tinyllama",
      "rho": 0.02,
      "H2_plugin_bpB": null,
      "H2_plugin_minus_brotli": null,
      "MM_correction_bpB": null
    },
    {
      "n_bytes": 42991616,
      "H0_bpB": 6.557362503404351,
      "H1_plugin_bpB": 6.552239716061754,
      "H1_MM_bpB": 6.55307036711655,
      "H2_plugin_bpB": 6.464890932843257,
      "H2_MM_bpB": 6.509389491113792,
      "brotli11_bpB": 6.524671787168922,
      "H2_plugin_minus_brotli": -0.05978085432566438,
      "H2_MM_minus_brotli": -0.015282296055129763,
      "MM_correction_bpB": 0.044498558270534616,
      "observed_trigrams": 2701578,