{
  "claim": 21,
  "wave": 32,
  "experiment": "fp8_order3_summary",
  "rho": 0.01,
  "models": [
    {
      "model": "olmo2_1b",
      "n": 10616832,
      "k4": 9287523,
      "sing": 0.8848379702532096,
      "H2": 6.34632865605302,
      "H3_plugin": 3.4954743025660697,
      "H3_mm": 4.007441370897855,
      "br": 6.530214662905093
    },
    {
      "model": "qwen3_1.7b",
      "n": 13877248,
      "k4": 11957048,
      "sing": 0.8734207640548068,
      "H2": 6.41871980703829,
      "H3_plugin": 3.683132130512849,
      "H3_mm": 4.198407240797728,
      "br": 6.567338999778631
    },
    {
      "model": "smollm2_1.7b",
      "n": 15925248,
      "k4": 13592618,
      "sing": 0.8666360667238644,
      "H2": 6.4461699830364765,
      "H3_plugin": 3.7678026337182686,
      "H3_mm": 4.282506134706242,
      "br": 6.560589574492027
    },
    {
      "model": "tinyllama",
      "n": 9596928,
      "k4": 8740882,
      "sing": 0.9155929573239863,
      "H2": 6.372472556672637,
      "H3_plugin": 3.166917037577722,
      "H3_mm": 3.6816414884157105,
      "br": 6.572260623399488
    }
  ],
  "cohort": {
    "n_bytes": 50016256,
    "order2_H_bpB": 6.403219939158542,
    "order3_H_bpB_plugin": 3.5712082801875376,
    "order3_H_bpB_mm": 4.085493540601575,
    "brotli11_bpB": 6.55825402045287,
    "br_minus_H3mm_bpB": 2.472760479851295
  },
  "note": "Order-3 estimator is sample-limited (singleton frac >0.85); plug-in biased down, MM still conservative. Order-2 floor (wave 31) remains the provable sub-brotli path."
}