{
  "claim": 21,
  "model": "mistral_7b",
  "rho": 0.003,
  "score_mode": "weighted",
  "n_restored_rows": 4096,
  "n_total_rows": 1376256,
  "n_restored_params": 20709376,
  "n_total_params": 6979321856,
  "avg_row_width": 5056.0,
  "base_bpw": 2.769230769230769,
  "payload_bytes": {
    "fp8_raw": 20709376,
    "fp8_zstd22": 17689050,
    "idx_delta_raw": 8192,
    "idx_delta_zstd": 5869,
    "scale_raw": 8192,
    "scale_zstd": 5750
  },
  "shannon_entropy_bits_per_byte": {
    "fp8": 6.828096192995795,
    "idx": 5.6637381915514124,
    "scale": 5.586345041179235
  },
  "old_overlay_bpw": 0.023766150841346152,
  "new_overlay_bpw": 0.02028927092368786,
  "old_effective_bpw": 2.7929969200721154,
  "new_effective_bpw": 2.789520040154457,
  "saved_pct_of_overlay_bits": 14.629545780756125,
  "saved_bpw_absolute": 0.0034768799176583265
}