{
  "claim": 21,
  "experiment": "fp8_histogram",
  "model": "tinyllama",
  "rho": 0.01,
  "streams": {
    "fp8": {
      "n_bytes": 9596928,
      "shannon_bits_per_byte": 6.758170213768636,
      "bits_below_uniform": 1.2418297862313636,
      "order0_savings_floor_pct": 15.522872327892046,
      "tv_distance_from_uniform": 0.5621828151675203,
      "chi2_vs_uniform": 17965752.26147034,
      "max_count_over_mean": 5.143485915492958,
      "min_count_over_mean": 0.0,
      "histogram": [
        64,
        136,
        127,
        131,
        130,
        136,
        118,
        134,
        129,
        128,
        153,
        136,
        141,
        158,
        142,
        120,
        197,
        233,
        255,
        252,
        264,
        296,
        268,
        279,
        396,
        536,
        556,
        510,
        550,
        538,
        514,
        495,
        829,
        1061,
        1104,
        1091,
        1041,
        1041,
        1052,
        1044,
        1563,
        2179,
        2097,
        2027,
        2096,
        2129,
        2116,
        2094,
        3144,
        4064,
        4372,
        4115,
        4198,
        4078,
        4055,
        4107,
        6126,
        8195,
        8302,
        8194,
        8073,
        7945,
        8096,
        8075,
        12122,
        16061,
        16335,
        15667,
        16071,
        15942,
        15980,
        15760,
        23798,
        31636,
        31821,
        31287,
        31058,
        30961,
        30546,
        30568,
        45833,
        60082,
        59383,
        57630,
        57171,
        56547,
        55603,
        54589,
        81122,
        105101,
        103108,
        97101,
        95831,
        92393,
        89847,
        87365,
        126529,
        159347,
        151184,
        139945,
        134170,
        125442,
        119855,
        112655,
        158943,
        192819,
        175745,
        155321,
        143502,
        128545,
        116276,
        105532,
        139834,
        155509,
        126443,
        99246,
        80462,
        62785,
        49395,
        37629,
        40589,
        32817,
        18125,
        9255,
        4788,
        2464,
        2705,
        0,
        57,
        115,
        122,
        126,
        115,
        135,
        130,
        140,
        130,
        130,
        141,
        120,
        144,
        119,
        135,
        131,
        209,
        261,
        274,
        281,
        265,
        265,
        264,
        270,
        413,
        508,
        518,
        508,
        507,
        543,
        540,
        529,
        772,
        1093,
        1067,
        1070,
        1015,
        1043,
        1037,
        999,
        1555,
        2088,
        2129,
        2051,
        2140,
        2096,
        2037,
        2164,
        3136,
        4169,
        4206,
        4124,
        4020,
        4187,
        4067,
        4051,
        6108,
        8024,
        8352,
        8182,
        8249,
        8077,
        8184,
        8162,
        11951,
        16087,
        16269,
        16011,
        16065,
        15875,
        15841,
        16006,
        24075,
        31593,
        31926,
        30730,
        30922,
        30853,
        30845,
        30513,
        45430,
        59744,
        59853,
        57630,
        57325,
        56049,
        56002,
        54890,
        80928,
        104860,
        102785,
        97200,
        94957,
        92410,
        89764,
        86452,
        125568,
        158887,
        151052,
        139261,
        133557,
        125620,
        119252,
        113253,
        159160,
        192553,
        175805,
        155470,
        143529,
        128051,
        116750,
        105291,
        139348,
        156087,
        127333,
        99729,
        80597,
        62561,
        49262,
        37658,
        40923,
        33100,
        18229,
        9417,
        4816,
        2443,
        2626,
        0
      ]
    },
    "idx_delta": {
      "n_bytes": 15664,
      "shannon_bits_per_byte": 2.7776160874826945,
      "bits_below_uniform": 5.222383912517305,
      "order0_savings_floor_pct": 65.27979890646631,
      "tv_distance_from_uniform": 0.754548646578141,
      "chi2_vs_uniform": 2142482.9417773243,
      "max_count_over_mean": 187.6200204290092,
      "min_count_over_mean": 0.0,
      "histogram": [
        11480,
        403,
        103,
        48,
        39,
        45,
        40,
        28,
        32,
        33,
        31,
        30,
        25,
        41,
        36,
        24,
        29,
        27,
        30,
        35,
        44,
        29,
        36,
        29,
        42,
        34,
        44,
        37,
        46,
        30,
        43,
        33,
        45,
        33,
        34,
        27,
        16,
        20,
        40,
        25,
        22,
        23,
        25,
        25,
        33,
        32,
        21,
        28,
        28,
        14,
        22,
        23,
        17,
        20,
        25,
        25,
        24,
        16,
        22,
        20,
        17,
        18,
        34,
        27,
        78,
        25,
        22,
        21,
        23,
        11,
        16,
        10,
        11,
        13,
        20,
        16,
        19,
        25,
        17,
        14,
        29,
        17,
        17,
        15,
        16,
        17,
        17,
        20,
        23,
        26,
        11,
        9,
        11,
        13,
        16,
        22,
        18,
        12,
        19,
        11,
        13,
        17,
        16,
        12,
        14,
        8,
        13,
        11,
        11,
        11,
        8,
        14,
        9,
        17,
        13,
        13,
        8,
        6,
        10,
        19,
        13,
        7,
        14,
        9,
        18,
        12,
        13,
        11,
        27,
        21,
        9,
        9,
        10,
        11,
        16,
        10,
        6,
        9,
        8,
        10,
        10,
        5,
        7,
        7,
        3,
        10,
        11,
        14,
        9,
        5,
        8,
        10,
        6,
        11,
        6,
        14,
        10,
        7,
        17,
        8,
        11,
        8,
        9,
        5,
        7,
        4,
        11,
        7,
        9,
        9,
        8,
        4,
        3,
        7,
        8,
        5,
        2,
        4,
        5,
        11,
        7,
        5,
        4,
        4,
        11,
        4,
        8,
        11,
        7,
        10,
        10,
        3,
        15,
        5,
        10,
        5,
        3,
        3,
        4,
        10,
        10,
        2,
        3,
        9,
        6,
        2,
        6,
        2,
        1,
        2,
        8,
        6,
        3,
        6,
        6,
        3,
        6,
        10,
        8,
        7,
        5,
        6,
        5,
        3,
        5,
        2,
        6,
        9,
        4,
        6,
        2,
        7,
        3,
        2,
        1,
        3,
        0,
        2,
        3,
        6,
        1,
        2,
        1,
        1,
        3,
        8,
        3,
        5,
        6,
        3,
        3,
        0,
        3,
        3,
        6,
        3
      ]
    },
    "scale": {
      "n_bytes": 7832,
      "shannon_bits_per_byte": 5.292969324270903,
      "bits_below_uniform": 2.707030675729097,
      "order0_savings_floor_pct": 33.837883446613716,
      "tv_distance_from_uniform": 0.7938026685393259,
      "chi2_vs_uniform": 59733.63023493361,
      "max_count_over_mean": 22.42288049029622,
      "min_count_over_mean": 0.0,