{
  "claim": 21,
  "experiment": "byte_permutation",
  "model": "tinyllama",
  "rho": 0.01,
  "seed": 33,
  "raw_sizes": {
    "fp8": 9596928,
    "idx_delta": 15664,
    "scale": 7832
  },
  "by_codec": {
    "zstd-9": {
      "fp8": {
        "orig_bytes": 8127342,
        "perm_bytes": 8196844,
        "orig_pct": 15.313087688060179,
        "perm_pct": 14.588876773900981,
        "context_gap_pp": 0.7242109141591975,
        "orig_s": 0.016511201858520508,
        "perm_s": 0.011507272720336914
      },
      "idx_delta": {
        "orig_bytes": 5412,
        "perm_bytes": 6799,
        "orig_pct": 65.4494382022472,
        "perm_pct": 56.59473953013279,
        "context_gap_pp": 8.854698672114402,
        "orig_s": 0.0005035400390625,
        "perm_s": 0.0009996891021728516
      },
      "scale": {
        "orig_bytes": 5283,
        "perm_bytes": 5301,
        "orig_pct": 32.54596527068437,
        "perm_pct": 32.31613891726251,
        "context_gap_pp": 0.2298263534218563,
        "orig_s": 0.0,
        "perm_s": 0.0
      }
    },
    "lzma-6": {
      "fp8": {
        "orig_bytes": 7996212,
        "perm_bytes": 8239932,
        "orig_pct": 16.679462427976954,
        "perm_pct": 14.139899767925737,
        "context_gap_pp": 2.5395626600512173,
        "orig_s": 2.2673940658569336,
        "perm_s": 2.2416017055511475
      },
      "idx_delta": {
        "orig_bytes": 4452,
        "perm_bytes": 6684,
        "orig_pct": 71.57814096016344,
        "perm_pct": 57.32890704800817,
        "context_gap_pp": 14.249233912155269,
        "orig_s": 0.004000425338745117,
        "perm_s": 0.004000186920166016
      },
      "scale": {
        "orig_bytes": 5232,
        "perm_bytes": 6156,
        "orig_pct": 33.19713993871297,
        "perm_pct": 21.399387129724207,
        "context_gap_pp": 11.797752808988765,
        "orig_s": 0.003006458282470703,
        "perm_s": 0.0029990673065185547
      }
    },
    "brotli-11": {
      "fp8": {
        "orig_bytes": 7884189,
        "perm_bytes": 8142048,
        "orig_pct": 17.846742207506402,
        "perm_pct": 15.159851152368757,
        "context_gap_pp": 2.686891055137645,
        "orig_s": 8.685393571853638,
        "perm_s": 11.321679592132568
      },
      "idx_delta": {
        "orig_bytes": 5080,
        "perm_bytes": 5841,
        "orig_pct": 67.56894790602655,
        "perm_pct": 62.71067415730337,
        "context_gap_pp": 4.858273748723178,
        "orig_s": 0.00900578498840332,
        "perm_s": 0.007506608963012695
      },
      "scale": {
        "orig_bytes": 4603,
        "perm_bytes": 5272,
        "orig_pct": 41.22829417773238,
        "perm_pct": 32.686414708886616,
        "context_gap_pp": 8.541879468845764,
        "orig_s": 0.0030066967010498047,
        "perm_s": 0.002498626708984375
      }
    }
  }
}