{
  "claim": 21,
  "experiment": "fp8_order2",
  "models": [
    "olmo2_1b",
    "qwen3_1.7b",
    "smollm2_1.7b",
    "tinyllama"
  ],
  "rho": 0.01,
  "per_model": [
    {
      "model": "olmo2_1b",
      "n": 10616832,
      "H0": 6.621802893059548,
      "H1": 6.6041667323416595,
      "H2": 6.34632865605302,
      "br": 6.530214662905093
    },
    {
      "model": "qwen3_1.7b",
      "n": 13877248,
      "H0": 6.6720034528121825,
      "H1": 6.649360284681933,
      "H2": 6.41871980703829,
      "br": 6.567338999778631
    },
    {
      "model": "smollm2_1.7b",
      "n": 15925248,
      "H0": 6.711903109021026,
      "H1": 6.676412441566219,
      "H2": 6.4461699830364765,
      "br": 6.560589574492027
    },
    {
      "model": "tinyllama",
      "n": 9596928,
      "H0": 6.758170213768636,
      "H1": 6.707834922624125,
      "H2": 6.372472556672637,
      "br": 6.572260623399488
    }
  ],
  "cohort": {
    "n": 50016256,
    "H0": 6.690584955832585,
    "H1": 6.659600492281529,
    "H2": 6.403219939158542,
    "brotli_11": 6.55825402045287,
    "br_minus_H2": 0.15503408129432833,
    "gain_0_to_1": 0.03098446355105509,
    "gain_1_to_2": 0.25638055312298685,
    "gain_0_to_2": 0.2873650166740419
  }
}