{
  "claim": 21,
  "experiment": "byte_permutation",
  "model": "smollm2_1.7b",
  "rho": 0.01,
  "seed": 33,
  "raw_sizes": {
    "fp8": 15925248,
    "idx_delta": 25344,
    "scale": 12672
  },
  "by_codec": {
    "zstd-9": {
      "fp8": {
        "orig_bytes": 13423590,
        "perm_bytes": 13507212,
        "orig_pct": 15.708753797743055,
        "perm_pct": 15.183663073881172,
        "context_gap_pp": 0.5250907238618829,
        "orig_s": 0.0210113525390625,
        "perm_s": 0.02252650260925293
      },
      "idx_delta": {
        "orig_bytes": 8594,
        "perm_bytes": 11034,
        "orig_pct": 66.09059343434343,
        "perm_pct": 56.46306818181818,
        "context_gap_pp": 9.627525252525253,
        "orig_s": 0.0004992485046386719,
        "perm_s": 0.0004994869232177734
      },
      "scale": {
        "orig_bytes": 8191,
        "perm_bytes": 8384,
        "orig_pct": 35.36142676767677,
        "perm_pct": 33.83838383838384,
        "context_gap_pp": 1.5230429292929273,
        "orig_s": 0.0005004405975341797,
        "perm_s": 0.0
      }
    },
    "lzma-6": {
      "fp8": {
        "orig_bytes": 13235400,
        "perm_bytes": 13580872,
        "orig_pct": 16.890462239583332,
        "perm_pct": 14.721127105838477,
        "context_gap_pp": 2.1693351337448554,
        "orig_s": 4.430901050567627,
        "perm_s": 4.340360641479492
      },
      "idx_delta": {
        "orig_bytes": 7068,
        "perm_bytes": 10648,
        "orig_pct": 72.11174242424242,
        "perm_pct": 57.986111111111114,
        "context_gap_pp": 14.125631313131308,
        "orig_s": 0.004999876022338867,
        "perm_s": 0.006511688232421875
      },
      "scale": {
        "orig_bytes": 7884,
        "perm_bytes": 9472,
        "orig_pct": 37.78409090909091,
        "perm_pct": 25.252525252525253,
        "context_gap_pp": 12.531565656565654,
        "orig_s": 0.004000186920166016,
        "perm_s": 0.003506183624267578
      }
    },
    "brotli-11": {
      "fp8": {
        "orig_bytes": 13059877,
        "perm_bytes": 13418554,
        "orig_pct": 17.992630318849667,
        "perm_pct": 15.7403765391911,
        "context_gap_pp": 2.2522537796585667,
        "orig_s": 15.535709619522095,
        "perm_s": 18.162179470062256
      },
      "idx_delta": {
        "orig_bytes": 8148,
        "perm_bytes": 9427,
        "orig_pct": 67.85037878787878,
        "perm_pct": 62.80381944444444,
        "context_gap_pp": 5.046559343434339,
        "orig_s": 0.022515058517456055,
        "perm_s": 0.026510953903198242
      },
      "scale": {
        "orig_bytes": 7950,
        "perm_bytes": 8258,
        "orig_pct": 37.26325757575758,
        "perm_pct": 34.83270202020202,
        "context_gap_pp": 2.430555555555557,
        "orig_s": 0.007504940032958984,
        "perm_s": 0.0035016536712646484
      }
    }
  }
}