{
  "claim": 21,
  "experiment": "fp8_histogram",
  "model": "qwen3_1.7b",
  "rho": 0.01,
  "streams": {
    "fp8": {
      "n_bytes": 13877248,
      "shannon_bits_per_byte": 6.6720034528121825,
      "bits_below_uniform": 1.3279965471878175,
      "order0_savings_floor_pct": 16.599956839847717,
      "tv_distance_from_uniform": 0.5803595208502434,
      "chi2_vs_uniform": 28923642.11134888,
      "max_count_over_mean": 5.515256050767414,
      "min_count_over_mean": 0.0,
      "histogram": [
        65,
        168,
        124,
        133,
        131,
        153,
        139,
        141,
        148,
        147,
        169,
        148,
        161,
        165,
        152,
        170,
        226,
        322,
        301,
        291,
        302,
        300,
        273,
        290,
        444,
        607,
        577,
        598,
        575,
        573,
        570,
        595,
        921,
        1188,
        1211,
        1140,
        1110,
        1167,
        1223,
        1226,
        1796,
        2364,
        2405,
        2360,
        2291,
        2319,
        2324,
        2397,
        3559,
        4631,
        4741,
        4678,
        4699,
        4581,
        4699,
        4750,
        7101,
        9320,
        9366,
        9258,
        9310,
        9339,
        9558,
        9379,
        14012,
        18493,
        18630,
        18489,
        18500,
        18213,
        18528,
        18520,
        27673,
        36831,
        36994,
        36457,
        36691,
        36176,
        36045,
        35682,
        53809,
        70899,
        71101,
        69171,
        70033,
        68305,
        68213,
        67460,
        100183,
        130668,
        129208,
        123744,
        123481,
        120220,
        117862,
        115586,
        168980,
        216495,
        209290,
        197401,
        192197,
        183815,
        176441,
        169197,
        241429,
        298477,
        276952,
        250287,
        231213,
        211388,
        191897,
        175997,
        235207,
        262906,
        215878,
        170976,
        137234,
        109217,
        85187,
        65315,
        71317,
        58008,
        31997,
        16551,
        8282,
        4326,
        4047,
        0,
        66,
        141,
        138,
        158,
        134,
        131,
        129,
        147,
        149,
        139,
        177,
        134,
        147,
        143,
        168,
        137,
        224,
        285,
        288,
        259,
        274,
        279,
        280,
        269,
        419,
        592,
        609,
        541,
        577,
        608,
        594,
        585,
        838,
        1130,
        1180,
        1124,
        1166,
        1225,
        1156,
        1143,
        1772,
        2302,
        2342,
        2275,
        2295,
        2299,
        2319,
        2333,
        3442,
        4695,
        4721,
        4606,
        4642,
        4740,
        4690,
        4657,
        7070,
        9272,
        9597,
        9235,
        9286,
        9227,
        9136,
        9250,
        13769,
        18335,
        18684,
        18313,
        18373,
        18437,
        18571,
        18266,
        27908,
        36746,
        36939,
        36166,
        36332,
        36262,
        36065,
        35710,
        53774,
        71107,
        71552,
        69359,
        69732,
        68679,
        68146,
        67550,
        100088,
        130793,
        129327,
        124255,
        122936,
        120618,
        117599,
        115458,
        169040,
        215982,
        209151,
        197344,
        191483,
        183166,
        175377,
        169684,
        241391,
        298971,
        276713,
        249409,
        231745,
        211458,
        193510,
        176848,
        234442,
        264322,
        215365,
        171573,
        138183,
        108455,
        85020,
        65918,
        70680,
        57585,
        31991,
        16297,
        8595,
        4287,
        3978,
        0
      ]
    },
    "idx_delta": {
      "n_bytes": 22624,
      "shannon_bits_per_byte": 2.7906281017676178,
      "bits_below_uniform": 5.209371898232382,
      "order0_savings_floor_pct": 65.11714872790478,
      "tv_distance_from_uniform": 0.7530995845120227,
      "chi2_vs_uniform": 3077711.0042432803,
      "max_count_over_mean": 187.1117397454031,
      "min_count_over_mean": 0.0,
      "histogram": [
        16536,
        578,
        168,
        102,
        87,
        96,
        60,
        72,
        50,
        47,
        70,
        42,
        41,
        50,
        43,
        57,
        44,
        68,
        40,
        57,
        51,
        43,
        45,
        52,
        51,
        46,
        55,
        31,
        42,
        42,
        46,
        52,
        45,
        34,
        43,
        37,
        25,
        33,
        37,
        45,
        38,
        42,
        36,
        53,
        28,
        33,
        26,
        29,
        24,
        36,
        42,
        35,
        31,
        35,
        36,
        29,
        47,
        53,
        50,
        49,
        53,
        46,
        36,
        39,
        49,
        30,
        38,
        40,
        35,
        23,
        28,
        22,
        25,
        35,
        22,
        25,
        26,
        20,
        29,
        17,
        17,
        19,
        22,
        26,
        22,
        20,
        14,
        27,
        17,
        23,
        19,
        20,
        21,
        17,
        27,
        19,
        18,
        27,
        22,
        20,
        18,
        25,
        13,
        11,
        12,
        19,
        30,
        14,
        17,
        11,
        25,
        20,
        20,
        13,
        18,
        20,
        18,
        17,
        22,
        28,
        16,
        17,
        9,
        7,
        21,
        28,
        19,
        19,
        21,
        26,
        30,
        17,
        15,
        13,
        15,
        10,
        16,
        9,
        17,
        15,
        11,
        17,
        15,
        6,
        8,
        18,
        9,
        7,
        15,
        7,
        14,
        6,
        5,
        19,
        10,
        10,
        10,
        13,
        6,
        16,
        4,
        14,
        7,
        13,
        8,
        13,
        12,
        12,
        12,
        10,
        14,
        14,
        7,
        11,
        9,
        6,
        6,
        9,
        6,
        10,
        6,
        10,
        12,
        7,
        10,
        10,
        22,
        15,
        4,
        13,
        9,
        11,
        10,
        12,
        7,
        9,
        8,
        10,
        6,
        6,
        10,
        10,
        6,
        11,
        4,
        4,
        21,
        3,
        9,
        2,
        5,
        8,
        5,
        2,
        8,
        5,
        5,
        4,
        9,
        3,
        6,
        4,
        5,
        4,
        7,
        6,
        4,
        2,
        9,
        0,
        5,
        4,
        4,
        6,
        5,
        8,
        6,
        3,
        11,
        6,
        6,
        0,
        4,
        4,
        2,
        5,
        8,
        4,
        5,
        10,
        2,
        9,
        4,
        10,
        6,
        9
      ]
    },
    "scale": {
      "n_bytes": 11312,
      "shannon_bits_per_byte": 5.027298341511262,
      "bits_below_uniform": 2.972701658488738,
      "order0_savings_floor_pct": 37.15877073110923,
      "tv_distance_from_uniform": 0.8147873939179632,
      "chi2_vs_uniform": 116927.57001414426,
      "max_count_over_mean": 27.08910891089109,
      "min_count_over_mean": 0.0,