{
  "claim": 21,
  "experiment": "delta_bytewise",
  "model": "olmo2_1b",
  "rho": 0.01,
  "idx_delta_bytes": 16896,
  "n_deltas": 4224,
  "delta_stats": {
    "min": 0,
    "max": 1160,
    "mean": 96.00118371212122,
    "median": 58.0,
    "p99": 543.6999999999953
  },
  "full_stream_H_bpB": 2.7855323050539007,
  "full_stream_floor_pct": 65.18084618682624,
  "per_byte_position": [
    {
      "byte_position": 0,
      "shannon_H_bpB": 7.4457148258910095,
      "order0_savings_floor_pct": 6.928564676362381,
      "zero_fraction": 0.0023674242424241987,
      "nonzero_fraction": 0.9976325757575758,
      "hist": [
        10,
        133,
        106,
        102,
        85,
        89,
        47,
        68,
        52,
        40,
        45,
        46,
        45,
        38,
        51,
        30,
        39,
        32,
        37,
        37,
        43,
        27,
        33,
        31,
        23,
        26,
        28,
        25,
        33,
        36,
        29,
        33,
        29,
        37,
        35,
        36,
        27,
        27,
        28,
        40,
        26,
        31,
        24,
        32,
        31,
        28,
        37,
        29,
        33,
        32,
        20,
        28,
        24,
        19,
        38,
        24,
        31,
        29,
        19,
        17,
        25,
        31,
        25,
        28,
        25,
        25,
        20,
        24,
        15,
        23,
        16,
        24,
        14,
        25,
        22,
        19,
        14,
        16,
        15,
        13,
        26,
        18,
        20,
        9,
        16,
        17,
        9,
        19,
        12,
        16,
        18,
        23,
        13,
        19,
        17,
        10,
        16,
        18,
        12,
        20,
        17,
        19,
        16,
        9,
        14,
        12,
        11,
        11,
        17,
        11,
        12,
        15,
        17,
        15,
        16,
        12,
        12,
        10,
        9,
        15,
        10,
        14,
        10,
        10,
        12,
        10,
        13,
        11,
        9,
        13,
        15,
        10,
        5,
        7,
        8,
        13,
        9,
        11,
        8,
        13,
        14,
        10,
        6,
        12,
        10,
        9,
        12,
        8,
        3,
        7,
        12,
        5,
        7,
        9,
        6,
        8,
        13,
        7,
        11,
        7,
        7,
        14,
        7,
        4,
        7,
        9,
        2,
        6,
        5,
        10,
        6,
        7,
        4,
        4,
        7,
        8,
        5,
        6,
        8,
        8,
        4,
        6,
        6,
        10,
        6,
        7,
        5,
        8,
        6,
        9,
        5,
        6,
        17,
        5,
        9,
        8,
        6,
        7,
        5,
        5,
        5,
        6,
        6,
        5,
        0,
        5,
        3,
        5,
        7,
        2,
        6,
        3,
        3,
        3,
        3,
        5,
        3,
        7,
        3,
        4,
        4,
        10,
        6,
        4,
        6,
        6,
        6,
        8,
        4,
        2,
        6,
        5,
        8,
        4,
        1,
        4,
        3,
        5,
        4,
        1,
        1,
        3,
        6,
        2,
        7,
        2,
        5,
        3,
        3,
        5,
        1,
        2,
        1,
        4,
        7,
        3
      ]
    },
    {
      "byte_position": 1,
      "shannon_H_bpB": 0.4779783238685324,
      "order0_savings_floor_pct": 94.02527095164335,
      "zero_fraction": 0.9159564393939394,
      "nonzero_fraction": 0.08404356060606061,
      "hist": [
        3869,
        304,
        39,
        9,
        3,
        0,
        0,
        0,
        0,
        0,
        0,
        0,
        0,
        0,
        0,
        0,
        0,
        0,
        0,
        0,
        0,
        0,
        0,
        0,
        0,
        0,
        0,
        0,
        0,
        0,
        0,
        0,
        0,
        0,
        0,
        0,
        0,
        0,
        0,
        0,
        0,
        0,
        0,
        0,
        0,
        0,
        0,
        0,
        0,
        0,
        0,
        0,
        0,
        0,
        0,
        0,
        0,
        0,
        0,
        0,
        0,
        0,
        0,
        0,
        0,
        0,
        0,
        0,
        0,
        0,
        0,
        0,
        0,
        0,
        0,
        0,
        0,
        0,
        0,
        0,
        0,
        0,
        0,
        0,
        0,
        0,
        0,
        0,
        0,
        0,
        0,
        0,
        0,
        0,
        0,
        0,
        0,
        0,
        0,
        0,
        0,
        0,
        0,
        0,
        0,
        0,
        0,
        0,
        0,
        0,
        0,
        0,
        0,
        0,
        0,
        0,
        0,
        0,
        0,
        0,
        0,
        0,
        0,
        0,
        0,
        0,
        0,
        0,
        0,
        0,
        0,
        0,
        0,
        0,
        0,
        0,
        0,
        0,
        0,
        0,
        0,
        0,
        0,
        0,
        0,
        0,
        0,
        0,
        0,
        0,
        0,
        0,
        0,
        0,
        0,
        0,
        0,
        0,
        0,
        0,
        0,
        0,
        0,
        0,
        0,
        0,
        0,
        0,
        0,
        0,
        0,
        0,
        0,
        0,
        0,
        0,
        0,
        0,
        0,
        0,
        0,
        0,
        0,
        0,
        0,
        0,
        0,
        0,
        0,
        0,
        0,
        0,
        0,
        0,
        0,
        0,
        0,
        0,
        0,
        0,
        0,
        0,
        0,
        0,
        0,
        0,
        0,
        0,
        0,
        0,
        0,
        0,
        0,
        0,
        0,
        0,
        0,
        0,
        0,
        0,
        0,
        0,
        0,
        0,
        0,
        0,
        0,
        0,
        0,
        0,
        0,
        0,
        0,
        0,
        0,
        0,
        0,
        0,
        0,
        0,
        0,
        0,
        0,
        0,
        0,
        0,
        0,
        0,
        0,
        0,
        0,
        0,
        0,
        0,
        0,
        0
      ]
    },
    {
      "byte_position": 2,
      "shannon_H_bpB": -0.0,
      "order0_savings_floor_pct": 100.0,
      "zero_fraction": 1.0,
      "nonzero_fraction": 0.0,