{
  "hq5_h256": {
    "tag": "hq5_h256",
    "n": 1000,
    "seq_len": 128,
    "seed": 42,
    "all_t1": 0.5539921875,
    "all_t1_ci": [
      0.548038125038147,
      0.5591490268707275
    ],
    "all_t10": 0.6964320312499998,
    "all_t10_ci": [
      0.6938452124595642,
      0.6991609334945679
    ],
    "last_t1": 0.478,
    "last_t1_ci": [
      0.44699999690055847,
      0.5080000162124634
    ],
    "last_t10": 0.6424,
    "last_t10_ci": [
      0.6334999799728394,
      0.6519026160240173
    ],
    "teacher_ppl": 749.1440636637776,
    "student_ppl": 910.9217950602293,
    "ppl_ratio": 1.2159500945722757,
    "quality": 75.9417102110281,
    "trainable": 1509916,
    "best_step": 78000,
    "buckets": {
      "conf(<2)": {
        "t1": 0.6,
        "t10": 0.48366666666666813,
        "n": 2100
      },
      "mid(2-5)": {
        "t1": 0.604776247848537,
        "t10": 0.6366179001721141,
        "n": 9296
      },
      "unsure(>5)": {
        "t1": 0.5491149531748482,
        "t10": 0.7050324174128076,
        "n": 116604
      }
    }
  },
  "hq5_h128": {
    "tag": "hq5_h128",
    "n": 1000,
    "seq_len": 128,
    "seed": 42,
    "all_t1": 0.53784375,
    "all_t1_ci": [
      0.5319675803184509,
      0.5431879162788391
    ],
    "all_t10": 0.6800242187499999,
    "all_t10_ci": [
      0.6772960424423218,
      0.6829168200492859
    ],
    "last_t1": 0.465,
    "last_t1_ci": [
      0.4350000023841858,
      0.4970000088214874
    ],
    "last_t10": 0.6236,
    "last_t10_ci": [
      0.614300012588501,
      0.6321025490760803
    ],
    "teacher_ppl": 749.1440636637776,
    "student_ppl": 939.7805642236352,
    "ppl_ratio": 1.2544724169975094,
    "quality": 73.85860383233258,
    "trainable": 640284,
    "best_step": 78000,
    "buckets": {
      "conf(<2)": {
        "t1": 0.5652380952380952,
        "t10": 0.4637142857142871,
        "n": 2100
      },
      "mid(2-5)": {
        "t1": 0.5782056798623064,
        "t10": 0.6200516351118718,
        "n": 9296
      },
      "unsure(>5)": {
        "t1": 0.5341326198072107,
        "t10": 0.6887010737196065,
        "n": 116604
      }
    }
  }
}