{
  "hq5_h256": {
    "tag": "hq5_h256",
    "all_t1": 0.5552578125,
    "all_t10": 0.6681531249999999,
    "last_t1": 0.522,
    "last_t10": 0.6157,
    "at1_ci": [
      0.5488894581794739,
      0.5619927644729614
    ],
    "at10_ci": [
      0.6655179858207703,
      0.6709128618240356
    ],
    "lt1_ci": [
      0.48899999260902405,
      0.5510250329971313
    ],
    "lt10_ci": [
      0.6069974303245544,
      0.6246000528335571
    ],
    "teacher_ppl": 906.0335083007812,
    "student_ppl": 1449.359130859375,
    "ppl_ratio": 1.5996749762352307,
    "quality": 0.646640056602239,
    "buckets": {
      "conf(<2)": {
        "t1": 0.559286463798531,
        "t10": 0.47528856243441936,
        "n": 1906
      },
      "mid(2-5)": {
        "t1": 0.6022076860179886,
        "t10": 0.6138286999182315,
        "n": 9784
      },
      "unsure(>5)": {
        "t1": 0.5512423695297051,
        "t10": 0.6758834150115309,
        "n": 116310
      }
    },
    "trainable_params": 1509916,
    "step": 78000,
    "h_inner": 256
  },
  "hq5_h128": {
    "tag": "hq5_h128",
    "all_t1": 0.5369140625,
    "all_t10": 0.64033828125,
    "last_t1": 0.539,
    "last_t10": 0.5908,
    "at1_ci": [
      0.5303339958190918,
      0.5439537167549133
    ],
    "at10_ci": [
      0.6376445293426514,
      0.6433268189430237
    ],
    "lt1_ci": [
      0.5049750208854675,
      0.5690000057220459
    ],
    "lt10_ci": [
      0.5827000141143799,
      0.5994024872779846
    ],
    "teacher_ppl": 906.0335083007812,
    "student_ppl": 1661.76025390625,
    "ppl_ratio": 1.8341046315414924,
    "quality": 0.5927817230270027,
    "buckets": {
      "conf(<2)": {
        "t1": 0.527806925498426,
        "t10": 0.44669464847849094,
        "n": 1906
      },
      "mid(2-5)": {
        "t1": 0.5895339329517579,
        "t10": 0.5887264922322131,
        "n": 9784
      },
      "unsure(>5)": {
        "t1": 0.5326369185796578,
        "t10": 0.6478531510616964,
        "n": 116310
      }
    },
    "trainable_params": 640284,
    "step": 78000,
    "h_inner": 128
  }
}