{
  "model": "qwen3-1.7b-base",
  "hf_id": "Qwen/Qwen3-1.7B-Base",
  "n_layers": 28,
  "bpw": 5,
  "block_size": 64,
  "rank": 32,
  "train_steps": 200,
  "train_lr": 0.001,
  "train_bs": 8,
  "n_calib": 100,
  "n_eval": 30,
  "seq_len": 1024,
  "seed": 42,
  "baseline_fp16_ppl": 12.768337631463936,
  "compressed_ppl": 13.639537067640017,
  "ppl_ratio": 1.068231234270408,
  "peak_vram_compress_gb": 3.455930368,
  "peak_vram_eval_gb": 2.287858176,
  "total_compress_time_s": 445.2972242832184,
  "total_time_s": 852.5576028823853,
  "hardest_layer_idx": 27,
  "hardest_layer_loss": 5.1958911418914795,
  "per_layer_train_loss": [
    0.0011504221300128847,
    0.0008246849523857236,
    0.004036837839521468,
    0.0020442019682377576,
    0.0030511583550833165,
    0.004220180050469935,
    0.005193020054139197,
    0.005924418848007917,
    0.00685626023914665,
    0.010558845847845078,
    0.014644747506827116,
    0.01929473439231515,
    0.019481846038252114,
    0.02631081873551011,
    0.03376336768269539,
    0.05819118320941925,
    0.13764800503849983,
    0.22463310286402702,
    0.3139464184641838,
    0.6438338458538055,
    0.9987139582633973,
    1.4034794092178344,
    1.7481336176395417,
    2.112573856115341,
    2.8029657006263733,
    3.6645431876182557,
    4.711901545524597,
    5.1958911418914795
  ],
  "per_layer_quant_rel_l2": [
    0.04369098427040236,
    0.04394080915621349,
    0.04369768659983363,
    0.043759080448320935,
    0.04369762060897691,
    0.04376972360270364,
    0.04382895625063351,
    0.04365611023136547,
    0.04389854946306774,
    0.04402068204113415,
    0.04392617515155247,
    0.04407271423510143,
    0.04387305144752775,
    0.04387594599808965,
    0.04409287390964372,
    0.04416122340730259,
    0.04449973415051188,
    0.044181431510618756,
    0.04418411318744932,
    0.044533406517335346,
    0.044482083192893436,
    0.044111647244010656,
    0.04389269383890288,
    0.043975808790751865,
    0.04392286336847714,
    0.043878472809280665,
    0.043791609683207104,
    0.043563008840594976
  ],
  "per_layer_compress_time_s": [
    21.289434909820557,
    15.125234842300415,
    15.165488004684448,
    14.994622707366943,
    15.199113130569458,
    15.413231372833252,
    15.131711959838867,
    15.465932607650757,
    15.346433639526367,
    15.158156394958496,
    15.256439447402954,
    15.480284452438354,
    15.162721872329712,
    14.994937181472778,
    15.193572759628296,
    15.34636378288269,
    15.461735486984253,
    15.40075969696045,
    15.083503723144531,
    15.364344596862793,
    15.270322322845459,
    15.549620151519775,
    15.52756953239441,
    15.018510341644287,
    15.110938787460327,
    15.611923217773438,
    14.900884866714478,
    15.143299341201782
  ],
  "timestamp": "2026-05-09T11:16:15.690652",
  "device": "cuda:0",
  "cuda_device_name": "NVIDIA GeForce RTX 5090",
  "v4d_multipass": 2,
  "env_flags": {
    "UC_ADAPTIVE_TRAIN_STEPS": "0",
    "UC_RANK_REDISTRIBUTE": "0",
    "UC_V4D_MULTIPASS": "2",
    "UC_ADAPTIVE_BPW": "0"
  }
}