{
  "model": "qwen3-1.7b-base",
  "hf_id": "Qwen/Qwen3-1.7B-Base",
  "n_layers": 28,
  "bpw": 5,
  "block_size": 64,
  "rank": 32,
  "train_steps": 200,
  "train_lr": 0.001,
  "train_bs": 8,
  "n_calib": 100,
  "n_eval": 30,
  "seq_len": 1024,
  "seed": 42,
  "baseline_fp16_ppl": 12.081253143297348,
  "compressed_ppl": 13.658659277807445,
  "ppl_ratio": 1.130566433448606,
  "peak_vram_compress_gb": 2.778497536,
  "peak_vram_eval_gb": 2.287594496,
  "total_compress_time_s": 436.8981583118439,
  "total_time_s": 866.781281709671,
  "hardest_layer_idx": 27,
  "hardest_layer_loss": 4.527595627307892,
  "per_layer_train_loss": [
    0.0009975013934308663,
    0.000760776933748275,
    0.002907219505868852,
    0.0019149578001815826,
    0.002899088175036013,
    0.004014138504862786,
    0.004975699516944587,
    0.005695943557657302,
    0.006463427958078682,
    0.00989800663664937,
    0.014033979922533035,
    0.01760784015059471,
    0.0184368203394115,
    0.02472097659483552,
    0.03144926717504859,
    0.053091030940413474,
    0.12114377617835999,
    0.2050238311290741,
    0.28903009444475175,
    0.5882620960474014,
    0.9062087804079055,
    1.2626587927341462,
    1.5792447209358216,
    1.92614643573761,
    2.59037868976593,
    3.420650863647461,
    4.434679138660431,
    4.527595627307892
  ],
  "per_layer_quant_rel_l2": [
    0.04388631507754326,
    0.048733786812850406,
    0.048720285828624456,
    0.049826186150312424,
    0.049346595470394404,
    0.049276710620948246,
    0.04949984433395522,
    0.04916512274316379,
    0.04916528452719961,
    0.04916144747819219,
    0.04930140344159944,
    0.0497510518346514,
    0.05067483867917742,
    0.04988213202783039,
    0.049121691180127006,
    0.04871100879141262,
    0.04795962093131883,
    0.049099325601543696,
    0.047854731125491004,
    0.04822525328823498,
    0.04731070516364915,
    0.046604791922228675,
    0.04624149788703237,
    0.04605237394571304,
    0.04619932813303811,
    0.04637855451021876,
    0.045939140021800995,
    0.04769717848726681
  ],
  "per_layer_compress_time_s": [
    23.788789749145508,
    16.093617916107178,
    15.302673816680908,
    14.832549333572388,
    15.032950639724731,
    15.499995470046997,
    15.354116678237915,
    15.665429830551147,
    15.35185694694519,
    15.055851697921753,
    14.99880599975586,
    14.853672504425049,
    14.924963474273682,
    14.543700695037842,
    14.615874290466309,
    14.58683180809021,
    14.558594703674316,
    14.327438592910767,
    14.593744039535522,
    14.47222089767456,
    14.900644063949585,
    14.823854684829712,
    14.685874938964844,
    14.805941104888916,
    14.754042863845825,
    14.51930570602417,
    14.712682485580444,
    14.57197642326355
  ],
  "timestamp": "2026-05-09T16:50:42.477119",
  "device": "cuda:0",
  "cuda_device_name": "NVIDIA GeForce RTX 5090",
  "v4d_multipass": 0,
  "env_flags": {
    "UC_ADAPTIVE_TRAIN_STEPS": "0",
    "UC_RANK_REDISTRIBUTE": "0",
    "UC_V4D_MULTIPASS": "0",
    "UC_ADAPTIVE_BPW": "0",
    "UC_AWQ_SCALING": "1",
    "UC_AWQ_ALPHA": "0.5"
  },
  "v4a_awq_scaling": true,
  "v4a_awq_alpha": 0.5,
  "v4a_awq_skipped_linears": [
    "down_proj",
    "o_proj"
  ],
  "outcome": "REFUTED",
  "notes": "AWQ alpha=0.5 on q/k/v/gate/up only (down_proj/o_proj skipped due to input dim mismatch). PPL_r 1.1306x = +13% catastrophic regression vs baseline 1.0049x. V4-A conclusively REFUTED."
}